mouse_number,genotype,session_number,trial_number,Sex,contact_detach_timestamps_milliseconds
4,Prrxl1WT,1,1,M,[  -4  543  596  645  699  749  791  854  907  988 1035 1066 1696 1722]
4,Prrxl1WT,1,2,M,[  1  46 417 466]
4,Prrxl1WT,1,3,M,"[   1   38  181  247  272  313  350  422  447  499  541  591  634  684
  727  885  938 1005 1054 1118]"
4,Prrxl1WT,1,4,M,[   1   51   75 2516 2560 3136 3175 3309 3328 4455 4524 4569 4611]
4,Prrxl1WT,1,5,M,[ -77    1   22  103  570  622 1713 1761 4853 4907 4934 4959 4986]
4,Prrxl1WT,1,6,M,[   1  763  811  990 1038 3549]
4,Prrxl1WT,1,7,M,"[   1   26   55  805  853 1694 1860 1886 1935 1975 2018 2080 2156 2500
 3018 3054 3132]"
4,Prrxl1WT,1,8,M,"[   1  598  624  677  719 1169 1194 1266 1314 1641 1761 1811 1930 1961
 3567 3592 3657 3697]"
4,Prrxl1WT,1,9,M,[   1   32   85  532  596  641  695  855  914  968 1020 1431]
4,Prrxl1WT,1,10,M,"[   1   52   72  554  595 1060 1119 1197 1245 1309 1362 1434 2708 2758
 2794 2853 2921 2962]"
4,Prrxl1WT,1,11,M,"[   1   37   79  423  481  521  575  635  672  730  771  857  883 2169
 2195 3267 3288 3338 4199 4496]"
4,Prrxl1WT,1,12,M,"[   1   35   72  135  177  565  596  674  705  779  810  887  929 1002
 1072 1134]"
4,Prrxl1WT,1,13,M,[   1  559  613  690  716  807  828 3164 4031 4678 4722 4955]
4,Prrxl1WT,1,14,M,[   1   32  220  355  992 1817 1854 1968 1999 2062]
4,Prrxl1WT,1,15,M,"[   1   45   83  153  178  349  385  543  596  641  701  851  893 1217
 1239 1453]"
4,Prrxl1WT,1,16,M,"[   1   36   68  128  170  238  280  351  380  452  489  539  586  647
  689  779  797  873  905  964 1051 1077 1780 1937 1963 2270]"
4,Prrxl1WT,1,17,M,[   1  584  609  669  715  790  832  896  939 1299 2025 2180]
4,Prrxl1WT,1,18,M,"[   1   41   78  137  179  558  600  661  709  769  799  860  902  975
 1023 1092 1151 1214 1905 2173 2226]"
4,Prrxl1WT,1,19,M,"[   1   41  112  205  287  356  392  538  586  645  693  749  785  876
  902  971 1014]"
4,Prrxl1WT,1,20,M,[  1  56  98 270 323]
4,Prrxl1WT,1,21,M,"[   1   54  101  159  280  306  329  371  390  430  468  526  584  639
  681  743  781  982 1041 1096 1182 1240 1310 1381 1446 1518 1566 1652
 1705 1766 1826 1892]"
4,Prrxl1WT,1,22,M,"[   1   23   58  128  165  223  275  373  392  543  606  650  698  772
  798  864  907  987 1056 1119 1148 1247 1299 1358 1421 1479 1527 1593]"
4,Prrxl1WT,1,23,M,"[   1   33   79  420  444  521  562  602  661  711  758  825  889  951
  998 1089 1137 1223 1297 1356 1437 1499 1608 1652 1695]"
4,Prrxl1WT,1,24,M,"[   1  135  172  399  418  526  545  589  643  707  749  807  849 1169
 2953 3368 3427 3485 3527 3595]"
4,Prrxl1WT,1,25,M,"[   1   56  115  174  234  575  623  682  730  780  828  896  944 1005
 1047 1125 4118 4947]"
4,Prrxl1WT,1,26,M,"[   1   27   69  123  162  767  813 1249 1351 1379 4232 4285 4321 4383
 4448 4832 4908 4956]"
4,Prrxl1WT,1,27,M,"[   1  478  515  555  620  665  712  775  824  892  934  998 1041 1156
 1182 1245 1326 1377 2251 2625]"
4,Prrxl1WT,1,28,M,"[   1  476  508  552  616  665  707  766  814  882  919  992 1029 1102
 1155 1234 1287 1361 1430 1485 1565 1634 1676 1793 1852 2463]"
4,Prrxl1WT,1,29,M,"[   1  490  515  583  612  673  715  773  816  900  931 1020 1072 2639
 2889 3073 3833]"
4,Prrxl1WT,1,30,M,"[   1   36   72  548  607  651  699  867  910  991 1039 1116 1225 1256
 1304 1363 1399 1586 1645 1754 1790 1881 3332 3372 3412 3487 3533 3678
 3746 3807]"
4,Prrxl1WT,1,31,M,"[   1  154  196  293  319  364  428  464  528  569  622  671  736  785
  843  903  967 1062 1088 1166 1241 1281 1809 1835 1877 1946 1994 2058
 2162 2189 2270 2348 2397 2470 2541 2610 2671 2745 4673 5341]"
4,Prrxl1WT,1,32,M,[   1  672  710  775  812  886  929  994 1030 1854 4644 4684 4716 5157]
4,Prrxl1WT,1,33,M,"[   1   32   68  131  167  257  288  337  401  441  494  534  587  641
  683  740  787  871  902  969 1043 1098 1329 1369]"
4,Prrxl1WT,1,34,M,"[   1   27   67  127  175  233  309  397  421  463  533  569  640  680
  728  786  837  906  954 1017 1092 1145]"
4,Prrxl1WT,1,35,M,"[   1   37   78  132  158  236  263  540  600  658  711  776  824  897
  943 1008 1073 1141 3049 3106 3136 3527 4281 4308 4356 4524 4554 4758]"
4,Prrxl1WT,1,36,M,"[   1   72   91  151  203  259  313  459  513  569  617  680  735  799
  841  915 4239 4259 4296 4350 4387 4455 4492 4664 4712 4896 4955 5037]"
4,Prrxl1WT,1,37,M,"[   1   37   90  180  203  510  541  586  633  692  739  803  850  909
  956 1991 2028 2437]"
4,Prrxl1WT,1,38,M,"[   1   41   78  133  169  344  397  537  596  752  799  865  912 1384
 1452 1510 1573 1668 1708 1797]"
4,Prrxl1WT,1,39,M,"[   1  133  170  330  387  429  487  529  587  633  681  735  777  947
  989 1093 1141 1181 1289 1311 1403 1457 1528 2604 2912 2968 3257 3296
 3338 3431 3501 3723]"
4,Prrxl1WT,1,40,M,[   1   41   78  877  920 2435 2456 2507 2560 2629 2711 2796]
4,Prrxl1WT,1,41,M,"[  -1   27   63  117  159  537  602  651  699  763  810  868  916 1109
 2603 2629 2705 2749 2795 2878 2914 2973]"
4,Prrxl1WT,1,42,M,"[   1   37   74  124  172  337  392  533  586  636  683  743  797  856
  898  962 1027 1261]"
4,Prrxl1WT,1,43,M,"[   1   51   98  281  311  357  415  460  523  563  610  670  717  775
  823  887  940 1012 1060 1128 1214 1277 1397 1437 1459 1563]"
4,Prrxl1WT,1,44,M,"[   1   46   93  270  299  393  419  464  523  569  622  676  729  778
  832  895  948 1012]"
4,Prrxl1WT,1,45,M,"[   1  294  316  356  420  460  526  571  628  674  727  787  840  914
  995 1045 2590 2756 2799 2874 2904 3086 3135 3223 3281 3313]"
4,Prrxl1WT,1,46,M,"[   0   51   99  244  304  349  397  441  500  545  593  648  696  755
  820  883  937 1006 1088 1157 1244 1317 1365 1443 3076 3583]"
4,Prrxl1WT,1,47,M,"[   0   82  101  160  214  382  436  485  533  593  640  694  764  818
  871  953 1034 1079]"
4,Prrxl1WT,1,48,M,"[   1   22   59  113  149  235  256  310  364  409  445  502  550  604
  652  702  749  814  862  920  980 1058 1080 1296 1374 1448 1522 1567
 1686 1714 1778 2147 2178 2237 3487 3520 3563 4029 4059 4135 4204 4278
 4337 4444]"
4,Prrxl1WT,1,49,M,"[   0   78   98  157  184  370  429  473  527  572  621  690  727  777
  831  906  943  993 1070 1139]"
4,Prrxl1WT,1,50,M,"[   1   27   64  515  574  623  671  741  778  837  897 1091 1184 1239
 1360 1399 1475 2067 4859 5233]"
4,Prrxl1WT,1,51,M,"[   1   32   69  128  159  322  375  425  473  524  570  625  678  728
  787  956  995 1130 1168 1240 2103 2143 2191 2509]"
4,Prrxl1WT,1,52,M,"[   1   31   96  117  912 1177 1219 1279 1338 1397 1425 1445 1482 1537
 1612 1691 1719 1827 1935 1968 2037 2112 2177 2242]"
4,Prrxl1WT,1,53,M,"[   1   60  108  274  333  383  442  492  557  598  656  702  750  809
  873  943 2443 2598 2646 2709 2763 2844]"
4,Prrxl1WT,1,54,M,"[   1   45   88  263  306  360  420  469  533  574  638  678  726  780
  845  903  967 1032 3684 3948 4001 4060 4120 4165]"
4,Prrxl1WT,1,55,M,[  1  32  72 334 397 438 508 544 608 653 702 761 803 881]
4,Prrxl1WT,1,56,M,"[   1   51   92  147  206  256  321  362  438  468  539  570  640  681
  728  799  853  922 1004 1054 1147 1178 3739 3770 3818 3978 4012 4318
 4411 4436]"
4,Prrxl1WT,1,57,M,"[   1   37   84  139  179  381  399  474  500  540  605  650  709  769
  822  885 1365 1395 1449 1798 1835 1922]"
4,Prrxl1WT,1,58,M,"[  1  33  91 150 178 252 310 351 410 449 520 555 626 660 720 769 834 888
 942 996]"
4,Prrxl1WT,1,59,M,[  1  56 110 169 229 274 334 380 432 485 533 588 653 698 763 820 885 950]
4,Prrxl1WT,1,60,M,[  1  31 118 149 202 291 317 381 439 497 552 606 653 715 763 822 891]
4,Prrxl1WT,1,61,M,[  1 102]
4,Prrxl1WT,1,62,M,"[   1   22   82  132  198  229  898  925 1830 1884 1927 1981 2030 2085
 2155 2196 2244 2307]"
4,Prrxl1WT,1,63,M,[  1 205]
4,Prrxl1WT,1,64,M,[   1   59  129  188  254  299  559  595  821  884  950 1019]
4,Prrxl1WT,1,65,M,"[   1   26   74  138  186  259  318  386  445  504  568  622  692  728
 1325 1351 1482 1555 1608 1686 1739 1827]"
4,Prrxl1WT,1,66,M,"[   1   46   99  164  212  276  336  386  450  495  566  611  682  722
  792  833 1205 1231 1329 1388]"
4,Prrxl1WT,1,67,M,"[   1   36   89  150  219  275  345  396  460  511  587  623  710  737
 2676 2707 2755 2810 2865 2929 2982]"
4,Prrxl1WT,1,68,M,[  1 178]
4,Prrxl1WT,1,69,M,[1]
4,Prrxl1WT,2,1,M,"[  -5  510  558  618  673  736  809  863  891 1105 2157 3100 3325 3370
 3419 4493]"
4,Prrxl1WT,2,2,M,[   1  574  618  686  728 1696 1785 2648 4737 4769 4798]
4,Prrxl1WT,2,3,M,"[ -31    1  301  328  407  439  613  656  730  774  854  908  992 1047
 1127 1222 1427 1477 2261 2350 2729 2829 2875 2937 3033]"
4,Prrxl1WT,2,4,M,"[   1   28   71  423  466  638  681  765  814  884  967 1013 2755 2797
 2824 3348 3373 3405 3471 3497 3649 4806 4829 4928 4966 5016]"
4,Prrxl1WT,2,5,M,"[   1  397  423  706  737 1018 1062 3126 3215 3252 3295 3355 3378 4228
 4298]"
4,Prrxl1WT,2,6,M,"[ -82    1  556  594  665  714  799  848  918  968 2973 3091 3183 3211
 3302 3384 3480]"
4,Prrxl1WT,2,7,M,"[   1   29   65  422  465  521  563  618  661  720  763  827 1711 1955
 1977 2041 2102 2693 2762 2952]"
4,Prrxl1WT,2,8,M,"[   0   27   65  435  473  637  673 1216 1305 1759 1802 1963 3484 3547
 3568 3870 3913 3975]"
4,Prrxl1WT,2,9,M,"[   1   33   76  424  480  536  579  633  677  753  785  849  932  989
 1025 1105 1189 1225]"
4,Prrxl1WT,2,10,M,"[   1  337 1072 1213 1256 1425 1445 1504 1547 1613 1649 1714 1752 2591
 2629 3214 3280 3316 3359 3530 3568 4155 4180 4260]"
4,Prrxl1WT,2,11,M,"[   1  301  339  504  542  607  650  707  751  821  865  916  988 1040
 1077 1148 1191 1263 1299 1962 2005 2083 2150 2176 2220 2400 2472 2554]"
4,Prrxl1WT,2,12,M,"[   1  212  239  406  455  510  559  618  661  730  774  837 1847 2164
 2201 2275 2318 3663 3706 3743 3780 4038 4081 4113 4157]"
4,Prrxl1WT,2,13,M,"[ -65    1   37   59  318  356  420  463  534  577  631  679  744  787
  846  884 2007 2068 2133 2163 2239 2276 2481 2542 4629 4689 4749 4785
 4846 4929]"
4,Prrxl1WT,2,14,M,"[ -43    1  382  430  500  548  616  663  756  776 1243 1286 2016 2090
 2613 2667 2882 2949 3158 3200 3279 3357 3460 3482 3691 3770 4087 4125
 4214 4290 4457 4490 4804 4825]"
4,Prrxl1WT,2,15,M,"[ -42    1   38   70  330  351  529  583  638  687  752  794  859  897
 1680 1716 2088 2161 2211 2254 2314 2348 2465 2484 2558 2612 3203 3251
 3625 3652 3738 3776 3841 3930 3981 4018]"
4,Prrxl1WT,2,16,M,"[ -59    1   91  112  525  554  772  815 1010 1030 2695 2756 2967 2988
 3076 3125 3964]"
4,Prrxl1WT,2,17,M,[   1  358  408 1875 1925 2137 2186 4326 4377]
4,Prrxl1WT,2,18,M,"[ -76    1  320  340  406  449  640  674  893  915 3060 3685 3883 3924
 4261 4321 4518 4618 4698 4741 4838 4874]"
4,Prrxl1WT,2,19,M,"[ -26    1 2568 2595 2684 2745 2850 2922 3676 3720 4273 4329 4581 4683
 4714 4810 4891 4946]"
4,Prrxl1WT,2,20,M,"[ -42    1   78 1273 1312 1361 1407 1467 1514 1552 1618 1661 1726 1770
 1845 1894 1946 2012 2078 2122 2211 2238 2460 2520 2833 2866 4660 4705
 4761 4804]"
4,Prrxl1WT,2,21,M,[ -33    1 2478 2539 3100 3127 3174 3223 3615 3643 4486 4524 4621]
4,Prrxl1WT,2,22,M,"[   1  371  415  495  544  615  683  748  801  889  932 1948 1992 2377
 2461 2834 3437 4143 4167 4500 4585 4790 4845 5098]"
4,Prrxl1WT,2,23,M,"[   1  373  422  493  532  603  659  729  778 1243 1316 1397 1430 1669
 2676 2717 2772 2860 2892 3967 4046 4956]"
4,Prrxl1WT,2,24,M,"[ -27   78  139  605  649  758  779  989 1044 2738 2811 2867 2906 3161
 3183 3583 3622 3688 3715 3791 3851 3922 3966 5467]"
4,Prrxl1WT,2,25,M,"[   1   42   69  226  270  326  374  432  486  548  598  664  713  784
  839  910  949 1014 1074 1811 1872 2089 2138 2371 2419 3284 3334 3400
 3489 3609 3636 3717 3760 4140 4322 4624 4679]"
4,Prrxl1WT,2,26,M,"[   1  277  326  429  500  549  608  657  732  781  855  889 1508 1581
 1640 1690 1774 1835 1939 1988 2078 2128 2350 2417 3091 3118 3139 3227
 3397 3435 3544 3593 3690 3711 3837 3905 3966 4608 4667 4711 4797 4829
 4905 4965]"
4,Prrxl1WT,2,27,M,"[ -77    1  421  460  650  688  764  813  875  924  999 1059 1126 1170
 1244 1292 1520 1545 2850 2895 2998 4219 4251 4288 4376 4397 4467 4528
 4609 4641 4717 4767]"
4,Prrxl1WT,2,28,M,"[ -55    1   95  149  225  258  323  390  445  488  549  610  675  718
 1391 1424 1508 1563 1740 1773 1824 1920 1990 2040 2135 2380 3000 3027
 3049 3127 3173 3217 3289 3325 3377 3416 4016]"
4,Prrxl1WT,2,29,M,"[   1   42   68  358  407  477  521  581  648  708 1455 2133 2320 2380
 2423 2489 2549 2633 2671 2737 2798 2887 2970 3036 3074 3187 4032 4185
 4234 4314 4356 4413 4508 4597]"
4,Prrxl1WT,2,30,M,"[   1  239  287  335  395  431  480  535  579  742  797  862  923  993
 1053 1138 1188 1262 1318 2410 2437 2474 2523 2575 2612 2693 2760 3239
 3311 3389 3433 4234 4370 4406 4450 4757]"
4,Prrxl1WT,2,31,M,"[   1  339  377  437  470  541  591  655  704  761  804  869  913 1123
 1172 1283 1331 1680 1715 1805 1879 2097 3387 3535 3566 3627 3670 3746
 3810 3981 4030 4691 4735 4857 4901 4962]"
4,Prrxl1WT,2,32,M,"[ -26  188  232  380  424  487  531  587  642  704  747  805  848  915
  959 2137 2175 2221 2299 2333 2382 2562 2596 2733 2760 2856 2946 3018
 4008]"
4,Prrxl1WT,2,33,M,"[ -88    1  219  256  342  385  561  608  674  724 1018 1051 1140 1178
 1906 1934 1981 2031 2070 2145 2177 2801 2840 2901 2972 3174 3223 3329
 3373 3457 3528 3586 3641 3857]"
4,Prrxl1WT,2,34,M,[   1   37   75  442  489  667  716 1385 1424 1620]
4,Prrxl1WT,2,35,M,"[   1  424  468  522  565  723  761 1176 1226 1277 1332 1504 1537 1598
 1619 2795 2846 2897 2935 3114 3290 3351 3424 3505 4789 4831 4869]"
4,Prrxl1WT,2,36,M,"[ -37    1 1696 1737 1857 1901 1973 3954 3977 4061 4093 4131 4539 4566
 4622 4706 4856 4898]"
4,Prrxl1WT,2,37,M,"[ -66    1   92  285  342  396  666  705  880  958 1036 1086 1148 1210
 1296 2978 3034 3083 3804 3854 4048 4087 4460 4539 4611 4651 5239]"
4,Prrxl1WT,2,38,M,[   0   33   70  511 2535 2562 2594 3544 4601 4943]
4,Prrxl1WT,2,39,M,"[ -27  166  205  360  404  571  603 1380 1626 1915 1954 2453 2716 2753
 2843 2892]"
4,Prrxl1WT,2,40,M,"[   1  334  393  441  484  544  593  644  687 1190 1227 2449 3934 3966
 4004 4623 4718 4775]"
4,Prrxl1WT,2,41,M,[   1  387  430  587  626 1338 1433 1474 1576 1909 4675]
4,Prrxl1WT,2,42,M,"[ -27    1 1205 1526 1775 3675 3698 3730 3998 4034 4348 4449 4491 4587
 4630 4657 4685 4717]"
4,Prrxl1WT,2,43,M,[ -57    1 1759 1808 1885 2162 2220 2286 2503 2560 2656 2724 3321]
4,Prrxl1WT,2,44,M,"[   1   41   83  229  261  320  358  412  454  604  632  732  752  802
  845 1289 1320 1367 1433 1577 1626 1779 1822 2694 2879 2926 3764 3900
 3932 4100 4131]"
4,Prrxl1WT,2,45,M,[ -36    1 1439 1504 1564 1592 2453 2709 3810 3963 4132 4165 4592]
4,Prrxl1WT,2,46,M,"[   1  338  371  464  483  549  586 1508 1931 3400 3436 3548 3581 3838
 3858 3928]"
4,Prrxl1WT,2,47,M,"[   1  160  187  356  415  494  520  585  628  796  823 1576 1618 1702
 1758 1818]"
4,Prrxl1WT,2,48,M,"[   1   37   73  134  177  238  276  326  369  424  478  529  583  633
  676 1373 1421 1565 1619 1655 1710 2353 2402 2466 2515 2603 2651 2720
 2785 2850 2904 2969 3183 3238 3287 3336 3420 3476 3541 3630 4648 4710
 4730 4789 4826 4896 4933]"
4,Prrxl1WT,2,49,M,"[ -42    1 1117 1194 1255 1288 1465 1503 1572 1604 2365 2509 2555 2599
 2687 2708 2790 2828 2908 3152 3213 4587 4835 4885]"
4,Prrxl1WT,2,50,M,"[ -77    1   33   60  429  467  621  654  716  753  814  848 1026 1064
 1382 1449 2415 2459 2576 2615 2798 2859 2940 3024 3071 3155 3220 3334
 3516]"
4,Prrxl1WT,2,51,M,"[   1   68   94  262  311  461  504  586  612  658  714 1408 1451 1512
 1555 1659 1864 1933 1982 2044 3651 3900 3932 4105 4142 4316 4353 4417
 4461 4726 4768 4854 4891 4974]"
4,Prrxl1WT,2,52,M,"[   1   42   81  143  187  275  303  359  415  478  505  572  616  673
  723  802  833  896  940 1406 1444 1553 1580 1653 1737 1808 1853 1921
 2005 2072 4236 4397 4417]"
4,Prrxl1WT,2,53,M,"[ -26    1   56  100  647  668  729  772  847  896 1626 1669 2235 2268
 2432 2492 2692 2811 2858 2928 3011 3067 3129 3178 3274 3325 3391 3445
 3946 3981 4096 4299 4381 4908 5418]"
4,Prrxl1WT,2,54,M,"[   1   73  191  223  308  351  699  743 1297 1341 2285 2359 2452 2479
 2550 2629 2696 2751 2854 2891 3712 3916 3998 4030 4132 4158 4214 4263
 5171]"
4,Prrxl1WT,2,55,M,"[   1   58  142  521  554  842  886  956  999 1204 1288 1360 1461 1523
 1595 1662 1746 1813 1879 1990 2012 2403 2487 2515 2697 2808 2834 2910
 2953 3055 3090 3149 3194 3517]"
4,Prrxl1WT,2,56,M,"[   1   50   93  153  190  266  292  337  390  714  768  908  951 1006
 1043 1093 1131 1194 1231 1773 1816 1884 1921 2031 2056 2111 2159 2240
 2284 2342 2401 2466 2520 2603 2670 2742 2808 3090 3178 3224 3266 3329
 3367 3531 3574 3735 3761 3991 4685 4946]"
4,Prrxl1WT,2,57,M,"[ -27   19   79  139  193  258  292  580  629  661  882  924  968 1032
 2567 2603 2641 2695 2738 3249 3279 3340 3400 3474]"
4,Prrxl1WT,2,58,M,"[   1  532  574  632  680  731  775 1303 1324 1370 1443 1484 1528 1672
 1710 1780 1824 2292 2336 2427 2450 2667 2750 2782 2940 3568 3588 4024
 4085 4132 4162]"
4,Prrxl1WT,2,59,M,"[ -48    1 1141 1201 1267 1305 1361 1399 1479 1528 2596 2651 2683 2730
 2797 2836 3667 3696 4281 4330 4921]"
4,Prrxl1WT,2,60,M,"[   1   58   89  361  399  463  512  568  612  677  715  786  819 1565
 1868 2332 2359 2611 2667 2732 3202 4467 4648 4764 4813 4902]"
4,Prrxl1WT,2,61,M,"[   1  148  198  278  310  371  426  490  537  595  655  747  768  824
  895  989 1015 1088 1978 2861 3310 3859 3938 3993 4111 4148]"
4,Prrxl1WT,2,62,M,"[   1   53  335  384  456  488  539  610  770  853 1047 1079 1718 1801
 1868 1946 2012 2543 2599 2648 2890 3095 3121]"
4,Prrxl1WT,2,63,M,"[   1   38   82  207 1081 1333 1376 1431 1458 1691 1713 1754 1839 1890
 2153 3176 3421 3600 3649 3722]"
4,Prrxl1WT,2,64,M,[   0   49   97  499 1256 1283 1311 1482 1505 1875 2138 2174 2246 2446]
4,Prrxl1WT,2,65,M,"[   1  341  402  437  493  543  609  651  701  761  810  876  993 1015
 3386 3440 3488 3545 3593 3788 3820 3900 3977 4047 4126 4190]"
4,Prrxl1WT,2,66,M,"[   1   23   67  498  547  598  653  699  749  800  855 1013 1039 1791
 1824 2206 2302 2334 3045 4090]"
4,Prrxl1WT,2,67,M,[   1   32   53  307  355  407  451  502  558 1117 3821 4653]
4,Prrxl1WT,2,68,M,"[   0   43  110  143  193  230  268  497  536  587  631  689  728  785
  829 1434 4844 4872 4902 5062]"
4,Prrxl1WT,2,69,M,[   1   32   93  558  602  799  855  886 3730 4291 4335 4493]
4,Prrxl1WT,2,70,M,"[   1   23   60  112  155  307  350  508  556  713  757 1023 1091 1122
 2072 2099 2143 2204 2246 2308]"
4,Prrxl1WT,2,71,M,"[   1   46   96  157  217  263  324  360  427  464  518  569  619  674
  740  792  882  903 1131 1166 1239 1294 4514 4560 4603 4663 4707 4773
 4816 4881 4924]"
4,Prrxl1WT,2,72,M,"[ -48    1   76  125  197  240  301  357  403  464  515  571  623  683
  745  800  855  910  965 1038 1197 1253 1384 1658 1700 1750 1817 1878
 1945 2991 3019 3063 3130 3185 3280 3484 3911 4168 4238 4299 4367 4426
 4494]"
4,Prrxl1WT,2,73,M,"[   1   47   79  144  200  250  310  347  419  456  551  588  677  733
  782  971 3073 3133 3177 3877 3938 4005 4105 4161 4263 4328]"
4,Prrxl1WT,2,74,M,"[   1   46   82  332  375  425  485  540  583  634  677  738  776  835
  878  943  979 1054 1096 1285 1334 1982 2181 2488 3263 3979 4009 6174]"
4,Prrxl1WT,2,75,M,"[   1  363  411  566  610  690  728  783  826  896  933 1128 1162 1355
 1393 1477 1520 2775 2812 3523 4055 4967]"
4,Prrxl1WT,2,76,M,"[   1  251  293  353  396  460  503  561  610  788  830  913  956 1644
 1698 1753 1848 1921 1976 2031 2091 2187 2224 2505]"
4,Prrxl1WT,2,77,M,"[   0   42   86  151  200  255  309  356  410  464  513  563  613  676
  725  775  836  895  949 1023 1100 1145 1217 1292 1323 1397 1445 1523
 1572 1638 1709 1792 1830 1889 1932 2342 2363 2712 2790 2840 2878 3152
 3262 3293 3368 3428 3525 3591 3652 3712 3792 3845 4041 4073 4133 4181
 4253 4308 4605 4660 4932]"
4,Prrxl1WT,2,78,M,"[  -1  316  345  403  447  502  551  602  651  712  767  828  877  989
 1042 1092 2180 2224 2309 3072 3351 3376 4500]"
4,Prrxl1WT,2,79,M,"[   1  150  173  361  404  570  619  690  733 1062 1094 1189 1255 1330
 1403 1483 1555 1616 1820 1900 1955 2024 2074 2189 2232 2313 3733 4215
 4235 4528 4583]"
4,Prrxl1WT,2,80,M,"[ -59    1   77  148  223  313  398 3395 3447 3496 3547 3591 3641 3684
 3744 3787 3867 3916 3981 4029 4095 4143 4213 4251 4345 4393 4458 4496
 4566 4638 4703 4740 4826 4869 4920]"
4,Prrxl1WT,2,81,M,"[ -27   57  124  203  236 1360 1425 1486 1527 2476 2525 2572 2626 2815
 2859 2993 3031 4167 4203 4375 4402]"
4,Prrxl1WT,2,82,M,"[ -72    1   51   80  441  485  551  595  688  708 1079 1157 1185 1245
 1296 1334 1389 1433 1495 1550 1617 1655 1720 1769 1831 1885 2494 2533
 3295 3314 3351 3447 3625 3663 3772 3826 4009 4075 4283 4332 4445 4465
 4541 4591 5207]"
4,Prrxl1WT,2,83,M,"[   1  426  476  532  582  642  692  762  810  883  932  988 1034 1709
 1782 1839 1883 1944 1982 2047 2074 2654 3533 3590 3627 3797 3853 4013
 4051 4112 4154 4207 4250 4416 4507 5093]"
4,Prrxl1WT,2,84,M,"[   0   29   73  409  458  520  564  625  674  735  790  857  900  970
 1024 1091 1140 1215 1259 2525 2585 2656 2745 2781 2825 2875 2910 2983
 3005 3284 3633 3675 3718 3911 4042 4181]"
4,Prrxl1WT,2,85,M,"[   1  337  385  450  498  550  599  668  718  797  851  931  985 1069
 1141 1488 1527 1602 1656 1731 1780 1848 1916 1995 2106 2158 2218 2586
 2624 2679 2722 2793 2834 3280 3324 3370 3414 3808 3961 4002 4045]"
4,Prrxl1WT,2,86,M,"[ -44    1   76  149  471  515  576  619  684  718  789  833  897  946
 1038 1075 1136 1189 1292 1335 1410 1443 2153 2197 2291 2351 2446 2624
 2700 2766 2841 2884 2963 3018 3089 3138 4057 4090 4137 4184 4240 4417
 4466 4530 4580 4840 4878]"
4,Prrxl1WT,2,87,M,"[ -49    1 1214 1292 1318 1373 1429 1473 1538 1581 1651 1700 1827 1848
 1903 1952 2059 2092 2205 2259 2558 2585 2794 2866 2946 2988 3079 3128
 3203 3257 3363 3411 4523 4578 4641 4663 4818 4848]"
4,Prrxl1WT,2,88,M,"[ -48    1  380  430  628  650 1466 1525 1568 1612 1669 1707 1777 1821
 1886 1930 2118 2151 2231 2268 2390 2450 2548 2570 3022 3042 3483 3532
 3580 3651 3713 3749 3811 3855 3950 3994 4060 4103 4173 4228 4304 4353
 4427 4524 4588 4920]"
4,Prrxl1WT,2,89,M,"[ -59    1  156  199  362  383  467  517  577  625  690  740  814  857
  936  985 1030 1085 1155 1204 1283 1315 2140 2189 3484 3531 3598 3676
 4509 4582 4695 4721 4815 4871 5088]"
4,Prrxl1WT,2,90,M,"[   1   82  130  197  246  422  466  542  590  651  700  777  821  901
  962 1032 1066 1189 1212 1292 1331 1842 1880 1956 1994 4381 4463 4556
 4604 4682 4737 4848 4919 5115]"
4,Prrxl1WT,2,91,M,[   0 1827 1877 1958 2013]
4,Prrxl1WT,2,92,M,[    1 51355]
4,Prrxl1WT,2,93,M,"[   1  223  277  323  377  428  477  532  586  636  690  744  792  856
  905  983 1043 1130 1173 1270 1318 1372 1477 1537 1573 2036 2078 2808
 2850 3144 3220 3260 3302 4399 4436 4481 4575 4782 4850]"
4,Prrxl1WT,2,94,M,"[ -54    1  481  529  594  642  701  749  809  862  916  970 1048 1091
 1155 1220 1303 1349 1442 2534 2606 2631 2813 2838 3016 3060 3119 3167
 3245 3293 3476 3520 3620 3646 3711 3785 4097 4289 4359 4415]"
4,Prrxl1WT,2,95,M,"[   1   42   80  139  188  244  293  338  387  437  486  538  581  640
  700  854  926  989 1061 1116 2715 2750 2782 2852 2895 2954 3002 3080
 3129 3193 3231 3969 3989 4292 4405 4578 4605 4637 4720 4761 4798]"
4,Prrxl1WT,2,96,M,"[ -77    1   38   71  523  567  623  667  727  771  847  890  946  996
 2269 2319 2370 2414 2492 2523 3625 3651 3751 3772 4892]"
4,Prrxl1WT,2,97,M,"[ -27  505  543  601  644  720  753  851  883  950  971 1875 1931 2767
 2915 2998 3059 3130 3190 3367 3423 3495 3545 4300 4327 4388 4432 4489
 4561 4627 4904]"
4,Prrxl1WT,2,98,M,"[ -60    1  455  482  647  703  763  813  865  893 1094 1138 1983 2033
 2062 2152 2193 2238 2294 2327 2399 2436 2983 3027 3193 3237 3711 3807
 3858 3914 3986 4030 4103 4130 4215 4265 4331]"
4,Prrxl1WT,2,99,M,"[   1   61   93  261  304  363  405  472  503  570  619  685  729  780
  846 1166 1186 1238 1293 1959 2107 2149 2203 3774 3829 3891 4008 4063
 4101 4261 4295 4773 4960]"
4,Prrxl1WT,2,100,M,[-49   1 455 499 551 600 657 702 758 808]
4,Prrxl1WT,3,1,M,"[   1  315  370  425  496  623  678  732  815  876  957 1012 1095 1166
 1239 1329 1388 1477 1527 1600 1664 2799 2863 2917 3031 3052 3125 3192
 3279 3343 3430 4478 4514 4574 4638 4715 4792]"
4,Prrxl1WT,3,2,M,"[   1   33   65  378  433  501  561  620  674  747  801  862  884 1186
 1246 1301 1349 1418 1483 1817 1905 2151 2216 2318 2390 2473 2568 2660
 2784 2843 2904 3213 3250 3498 3744 4795 4853 5182]"
4,Prrxl1WT,3,3,M,"[   1  387  440  514  568  641  695  778  833  905  972 1058 1118 1766
 1874 1938 1993 2093 2183 2274 4338 4848 4880 4954]"
4,Prrxl1WT,3,4,M,"[ -27  633  656  784  833  935 1018 1132 1170 1272 1332 1458 1593 1643
 1739 1836 1890 1977 2199 2278 2355 2443 2596 2641 2689 2908 2937 3542
 3588 3643 3796 3851 3894 4644 4704]"
4,Prrxl1WT,3,5,M,"[ -87    1   47   90  299  324  385  434  502  526  625  673  752  806
 1056 1134 1217 1306 1394 2142 2213 2244 2826 2907 2959 3014 3097 3146
 3415 3519 3595 3703 3773 3863 3947 4001 4278]"
4,Prrxl1WT,3,6,M,"[   1  285  339  408  457  525  560  602  681  753  836  864  887  930
  999 1105 1150]"
4,Prrxl1WT,3,7,M,[  1  32  86 161 221 271 332 387 446 511]
4,Prrxl1WT,3,8,M,"[   1   42   80  238  286  334  383  437  497  552 2234 2276 2314 2369
 2413 2484 2522 2597 2668 2738 2810 2856]"
4,Prrxl1WT,3,9,M,"[   0  322  371  429  478  529  579  646 3739 3771 3814 3865 3908 4081
 4142 4215 4264 4354 4408]"
4,Prrxl1WT,3,10,M,"[ -43    1  217  255  423  444  514  552  751  789  868  935 1650 1723
 1769 1818 2289 2372 2433 2482 2980 3143 3484 3525 4503 4528 4747 4779
 4801 4874 4916 4959]"
4,Prrxl1WT,3,11,M,"[ -26    1   47   90  251  302  460  508  579  623  688  738  822  866
  946 1012 1077 1178 1229 2111 2364 2397 2702 2734 2800 2861 3191 3246
 3505 3542 3618 3685 3772 3810 3903 3924 4234 4354 4414 4455 4769 4893
 4930 4968]"
4,Prrxl1WT,3,12,M,"[ -53    1  397  457  535  560  631  676  770  821  906  962 1042 1120
 1205 2774 2810 2854 3041 3067 3177 3197 3283 3332 3399 3470 3553 3575
 3687 3735 3822 3883 3969 4025 4106 4160 4232 4293 4502 4542 4675 4800
 4846 4890]"
4,Prrxl1WT,3,13,M,"[ -60    1  301  327  394  443  515  559  640  684  770  842  914 1003
 1092 1189 1245 1289 1395 1451 1541 1602 1869 3824 4393 4447 4507 4572
 4798 4819]"
4,Prrxl1WT,3,14,M,"[ -54    1  194  221  399  447  536  567  652  680  755  832  917 1025
 1085 1153 1277 1320 1390 3119 3425 3452 3523 3576 3995 4062 4137 4192
 4305 4325 4401 4474 4559 4614]"
4,Prrxl1WT,3,15,M,[-89   1 294 349 539 594 688 750 830]
4,Prrxl1WT,3,16,M,"[   1   42   78  139  187  330  377  438  482  546  607  666  755  811
 1766 1802 1834 1995 2048 2132 2157 3182 3236 3580 3600 3903 3975 4430
 4454 4614 4673]"
4,Prrxl1WT,3,17,M,"[ -20    1   71   99  380  423  512  533  600  643  704  753  829  873
 2289 2361 2420 2446 2498 2536 2592 2635 2692 2742 2807 2862 3042 3092
 3320 3347 3432 3488 3714 3758 3814 3861 3929 3973 4291 4358 4594 4615
 4671 4877 4943]"
4,Prrxl1WT,3,18,M,"[ -27   49   77  260  304  366  420  476  520  581  630  706  755  826
  882  967 1368 1414 1458 1576 1597 1672 1714 1786 1815 1920 1974 2067
 2098 2170 2219 2563 2625 2843 2921 3001 3073 3139 3223 3288 3361 3442
 3492 3567 3606 3649 3707 3778 4025 4069 4159 4248 4441 4508 4603]"
4,Prrxl1WT,3,19,M,"[   1  479  507  600  638  698  770  836  948  981 1704 1754 1792 1853
 1902 1962 2001 2201 2244 4306 4349 4695 4744 4975]"
4,Prrxl1WT,3,20,M,"[   0   86  108  420  452  655  715  805 1317 1530 1557 1636 1870 2284
 2380 2490 2534 2633 2676 2926 2980 3071 3121 3450 3512 3602 3669 3755
 3874 3914 3992 4048 4362 4643 4687 4709 4775 4846 4890]"
4,Prrxl1WT,3,21,M,"[ -55    1  235  269  335  385  440  491  557  612  668  723  798  849
  923  979 1075 1124 4796]"
4,Prrxl1WT,3,22,M,"[ -49    1  267  314  351  415  463  533  576  660  709  800 3497 4126
 4147 4189 4233 4400 4443 4513 4557 4683 4718 4957]"
4,Prrxl1WT,3,23,M,"[   1   47   69  459  503  574  618  684  733 2031 2052 2837 2881 3072
 3121 3314 3364 3977 4031 4098 4141 4351 4379 4643 4687 4925 4969]"
4,Prrxl1WT,3,24,M,"[ -43    1  287  331  393  442  507  563  624  677  745  800  857  906
  971 1027 1097 1153 1228 1272 1357 1386 1501 1550 1626 1689 1785 1881
 1942 1991 2082 2126 2206 2274 2364 2408 2526 2558 2990 3015 3086 3141
 3212 3261 3337 3404 3484 3532 3609 3670 3756 3800 3885 3907 4566 4610]"
4,Prrxl1WT,3,25,M,"[ -49    1   81  148  224  278  331  375  555  609  799  842  928  988
 1078 1127 1218 1320 1430 1463 2177 2218 2257 2277 2424 2473 2544 2611
 2698 2736 2836 2879 2945 2998 3066 3132 3222 3284 3487 3564 3779 3846
 3923 4001 4082 4160 4236 4280 4365 4415 4648 4683]"
4,Prrxl1WT,3,26,M,"[ -83    1   38   80  143  186  248  291  342  392  459  503  568  619
  693  750  820  869  955 1005 1100 1144 1234]"
4,Prrxl1WT,3,27,M,"[   1   34   71  131  174  230  279  319  367  428  471  532  573  634
  688  763  829  894  972  999 1625 2159 2179 2226 2263 2333 2376 2431
 2475 2684 2705 2896 2934 3032 3083 3123 3157 3195 3216 3252 3296 3355
 3398 3444 3486 3662 3686 3963 4064 4110 4153 4212 4255 4407 4442 4899
 4942]"
4,Prrxl1WT,3,28,M,"[ -19    1   29   90  118  161  396  440  511  542  603  645 2358 2383
 3203 3281 3312 3349 3412 3461 3529 3573 3659 3697 4394 4438 4514 4564
 4645 4689]"
4,Prrxl1WT,3,29,M,"[ -37    1  378  422  594  638  810  854  910  961 1017 1061 1685 1770
 1826 1927 1985 2007 2798 2818 3076 3143 3205 3243 3451 3495 3572 3616
 3682 3732 3843 4016 4386 4407 4478 4518 4715 4771]"
4,Prrxl1WT,3,30,M,"[ -54    1  157  194  815  876  963 1765 1915 1959 2031 2081 2167 2211
 2278 2337 2724 2758 2865 2908 2981 3025 3076 3149 3212 3267 3469 3536
 3607 3657 3738 3788 3908 3928 4000 4037 4110 4160 4395 4433 4572 4600
 4672 4750 4945]"
4,Prrxl1WT,3,31,M,"[ -27   50  118  292  347  403  453  638  682  759  803  885  944 1027
 1141 1322 1401 1468 2771 2911 2948 3010 3054 3246 3295 3382 3426 3487
 3537 3607 3658 3744 3788 3942 3971 4343 4392 4452 4496 4985]"
4,Prrxl1WT,3,32,M,"[   1   43   81  349  392  453  509  575  624  691  735  811  854 1057
 1085 1161 1256 1332 1375 1470 1526 1628 1666 1780 1811 2014 2069 2448
 2492 2818 2846 3245 3289 3375 3424 3519 3563 3648 3687 4000 4034 4233
 4357 4413 4457 4523 4567 4902 4957]"
4,Prrxl1WT,3,33,M,"[ -27    1   28   61  231  253  331  375  431  481  542  592  653  708
  780  829  901  950 1026 1081 1290 1325 1427 1471 1547 1591 1697 1752
 2557 2624 2859 2914 3005 3059 3131 3175 3256 3305 3362 3423 3637 3692
 3899 3989 4339 4368 4450 4479 4588 4661 4790 4812 4878 4918]"
4,Prrxl1WT,3,34,M,"[ -71    1  293  332  507  546  654  686  752  791  872  951 1037 1133
 1208 1246 1321 1365 1671 1726 2118 2207 2244 2287 2558 2606 3034 3066
 3117 3185 3252 3296 3377 3431 3517 3551 4055 4107 4348 4387 4478 4563
 4639 4711 4809 4853 4944]"
4,Prrxl1WT,3,35,M,"[ -26   25  105  514  542  632  677  744  788  869  941 1017 1135 1174
 1265 1326 1424 1466 2960 3024 3068 3128 3173 3248 3285 3509 3560 3819
 3868 3967 3988 4091 4140 4551 4617]"
4,Prrxl1WT,3,36,M,"[ -65    1  153  192  359  387  585  618 1091 1123 1243 1276 1379 1476
 1546 1589 1684 1731 1806 1872 1957 2011 2236 2326 2400 2507 2562 2683
 2739 2812 2891 2951 3056 3128 3209 3253 3888 3950 4010 4064 4239 4263
 4335 4380 4492 4566 4617 4655]"
4,Prrxl1WT,3,37,M,"[ -43    1  334  357  443  499  560  616  676  731  798  853  919  968
 2052 2114 2179 2229 2560 2583 3158 3187 3529 3624 3670 3714 3908 3930
 3979 4339 4394 4647 4696 4787 4836 4926 4964 5396]"
4,Prrxl1WT,3,38,M,"[   1   38   76  248  290  353  385  467  511  587  637  708  757  838
  887  962  989 1126 1186 1257 1328 1404 1471 1576 1619 4913]"
4,Prrxl1WT,3,39,M,"[ -27  258  313  372  428  491  540  619  681  759 1831 1998 2018 2079
 2121 2226 2247 2318 2373 2816 2836 2879 2928 2990 3040 3117 3172 3253
 3287 3515 3561 4110 4229 4286 4330 4906 4944]"
4,Prrxl1WT,3,40,M,"[ -20    1  202  241  408  461  519  572  640  695  789  822  909  947
 1576 1610 1738 1765 2019 2081 2308 2353 3052 3131 3193 3232 3308 3358
 3420 3469 3556 3606 3683 3733 3834 3879 3970 3993 4113 4157 4234 4262
 4451 4478 4535 4602 4708 4775 4867 4916]"
4,Prrxl1WT,3,41,M,"[ -22    1  227  254  429  473  540  590  666  720  783  823 1261 1302
 1370 1426 1498 1558 1636 1704 1795 1856 1963 2036 2129 2230 2305 2332
 2408 2480 3057 3105 3148 3198 3491 3535 3628 3666 3757 3806 4032 4087
 4166 4198 4872]"
4,Prrxl1WT,3,42,M,"[   1  360  404  470  514  586  641 1796 1835 1914 1952 2500 2572 2614
 2665 2731 2781 2849 2893 2975 3019 3210 3253 3325 3359 3601 3677 3916
 3977 4196 4279 4337 4381 4467 4534 4622 4689 4761 4846]"
4,Prrxl1WT,3,43,M,"[ -72    1   67   90  502  524 1366 1433 1817 1850 1908 1986 2813 2838
 3067 3106 3439 3502 3598 3711 3750 3835 3923 3978 4180 4235 4449 4517
 4588 4678 4773 4799 4872 4910]"
4,Prrxl1WT,3,44,M,"[ -49    1  190  223  384  439  502  553  619  687  749  798  876  932
 1019 1069 1131 1221 1289 1384 1447 1496 1578 1657 1729 1848 1885 1992
 2622 2678 2883 2927 3381 3506 3808 3868 3976]"
4,Prrxl1WT,3,45,M,"[   1   39   75  137  187  258  307  373  416  484  539  605  660  706
  779  856  916 1002 1081 1152 1208 1274 1308 1397 1440 1573 1622 1797
 1829 2108 2135 2200 2268 2344 2405 2476 2548 2645 2735 2811 2866 2957
 3012 3088 3201 3243 3321 3401 3451 3546 3590 3690 3729 3910 3994 4070
 4114 4503 4749 4805 4861 4907 4947 5251]"
4,Prrxl1WT,3,46,M,"[   1 1116 1182 1235 1278 1356 1384 1451 1489 1564 1608 1694 1744 2010
 2054 2140 2203 2329 4049 4096 4116 4186 4241 4306 4349 4545 4606 4670
 4730 4883 4971]"
4,Prrxl1WT,3,47,M,"[ -48    1  414  439  509  558  623  695  760  810  898  942 1041 1153
 1194 1280 1346]"
4,Prrxl1WT,3,48,M,"[   1   36   74  224  262  303  352  408  451  502  558  604  659  719
  769  824  884  941 1013 1036 2296 2333 2377 2429 2473 2547 2574 2829
 2878 2925 2974 3036 3086 3142 3199 3292 3325 3409 3436 3936 3991 4043
 4088 4436 4461 4622 4650 4803 4861]"
4,Prrxl1WT,3,49,M,[-49   1 137 176]
4,Prrxl1WT,3,50,M,[    1 54263]
4,Prrxl1WT,3,51,M,"[   1   38   74  130  179  226  274  316  363  410  469  515  564  624
  679  733  782  846  939  977 1050 1113 1161 1584 1621 1671 1737 1797
 1835 1896 1939 1998 2042 2127 2165 2234 2294 2368 2411 2466 2515 2577
 2612 3092 3147 3203 3230 3285 3322 3867 3899 4097 4141 4285 4321 4396
 4431 4873 4904 4954]"
4,Prrxl1WT,3,52,M,"[ -27  437  456  747  796  992 1035 1212 1234 1614 1647 1841 1884 1960
 2009 2070 2107 2163 2299 2370 2419 2508 2592 2644 2722 2772 2862 2903
 2940 3211 3313 3335 3424 3481 3530 3772 3815 4234 4261 4336 4396 4491
 4539 4600 4623 4712 4796]"
4,Prrxl1WT,3,53,M,"[ -26    1   51   95  244  281  570  590  646  695  776  820  910  994
 1031 1107 1150 1205 1270 1873 1945 1976 2059 2089 2160 2209 2290 2333
 2399 2465 2630 2703 2769 2801 3107 3128 3257 3295 3365 3409 3450 3512
 3837 3950 3991 4035 4204 4248 4303 4327 4673 4711 4801 4839 4915 4937]"
4,Prrxl1WT,3,54,M,"[ -43    1   70  104  175  202  380  408  493  542  598  641  727  770
  866  956 1002 2229 2260 2297 2348 2384 2478 2498 2563 2623 2697 2744
 2821 2870 2929 2973 3048 3071 3390 3424 3791 3858 3914 3952 4031 4069
 4154 4197 4276 4302 4597 4629 4811 4854 4947 4973]"
4,Prrxl1WT,3,55,M,"[ -48    1  550  569  632  676  749  799  863  918  999 1031 1097 1138
 1236 1262 1351 1389 2546 2578 2634 2683 2751 2790 2878 2926 3011 3058
 3234 3283 3469 3503 3573 3628 4408 4457 4537 4585 4646 4690 4789 4833
 4883 4927]"
4,Prrxl1WT,3,56,M,"[ -32    1  525  551  607  651  951  985 1681 1724 1785 1839 2239 2293
 2992 3069 3476 3538 3623 3661 3726 3776 4194 4266 4314 4357 4418 4461
 4526 4564 4685 4714 4752 4781]"
4,Prrxl1WT,3,57,M,"[ -36    1  630  651  736  784  854  904 1006 1205 1275 1313 1392 1436
 1622 1730 1762 1890 1952 2052 2099]"
4,Prrxl1WT,3,58,M,"[   1  128  170  227  271  328  388  438  505  561  610  671  732  802
  873  948  997 1053 1107 1293 1322 1401 1450 1536 1574 1629 1683 1754
 1798 1877 1932 2707 2757 2931 2975 3365 3408 3591 3614 4016 4054 4497
 4535 4577 4620 4755 4794 4874 4918 4971]"
4,Prrxl1WT,3,59,M,"[  -1  365  403  779  823 1142 1164 1319 1362 1752 1796 2041 2062 2131
 2151 2218 2256 2937 2975 3033 3071 3129 3160 3239 3267 3477 3510 3703
 3737 4439 4478 4813 4851 4918]"
4,Prrxl1WT,3,60,M,"[ -26   40   62  673  717 1079 1134 1310 1344 1414 1458 1565 1626 1693
 1794 1852 1907 1963 2048 2129 2202 2258 2320 2411 2500 2753 2819 2894
 2927 3013 3061 3465 3487 3717 3813 3914 3982 4189 4231 4450 4488 4565
 4822]"
4,Prrxl1WT,3,61,M,"[ -49    1   87  142  199  267  325  356  410  465  531  581  644  699
  811  837  899  989 1061 1105 1196 1245 1302 1391 1430 1543 1580 1693
 1774 1823 1886 1935 2132 2885 2953 2996 3172 3240 3411 3466 4774 4816]"
4,Prrxl1WT,3,62,M,"[ -26    1  416  464  638  687 1328 1390 1557 1616 1785 1829 1911 1961
 2023 2071 2136 2188 2431 2469 2542 2586 2673 2723 2806 2855 2917 2973
 3060 3120 3199 3256 3348 3398 3475 3541 3623 3713 3741 3855 3892 3993
 4156 4211 4303 4342 4899]"
4,Prrxl1WT,3,63,M,"[   1  580  630 1033 1060 1156 1205 1277 1345 1427 1488 1551 1884 1926
 2027 2088 2155 2252 2306 3359 3504 4013 4116 4547 4603]"
4,Prrxl1WT,3,64,M,"[ -65    1  377  421  483  534  600  655  713  763  819  869 1199 1247
 1321 1417 1484 1534 1621 3406 3459 3496 3569 3618 3699 3749 3835 3883
 3961 4022 4099 4166 4223 4284 4366 4416 4468 4530 4616 4672]"
4,Prrxl1WT,3,65,M,"[ -72    1   52   74  249  280  690  728  810  842  984 1004 1071 1149
 1220 1291 1354 1611 1644 1729 1797 1842 1924 2014 2087 2153 2251 2319
 2381 2478 2992 3013 3315 3412 4976]"
4,Prrxl1WT,3,66,M,"[   1  274  301  383  438  500  566  634  683  760 1076 1356 1400 1507
 1569 1715 1764 2051 2196 2233 2277 2331 2367 2431 2481 2557 2613 2680
 2725 2792 2843 2914 2964 3037 3086 3163 3208 3294 3339 3532 3586 3662
 3775 3819 3841 3862 3906 4090 4134 4201 4252 4680 4700]"
4,Prrxl1WT,3,67,M,"[ -37    1  463  508  576  620  693  742  814  858 1189 1228 1416 1466
 1549 1582 1665 1693 1770 1814 2396 2440 2508 2547 2650 2683 2740 2773
 3128 3154 3217 3283 3351 3411 4185 4223 4291 4312 4579 4635 4696 4786
 4956]"
4,Prrxl1WT,3,68,M,"[ -27  262  305  465  509  588  621  683  738  800  850  932 1006 1077
 1196 1238 1333 1410 1460 1518 1585 1672 1780 1813 2070 2132 2176 2514
 2547 2620 2642 2912 2980 3042 3098 3288 3343 3419 3452 3508 3570 3664
 3685 3953 4013 4087 4136 4193 4244 4338 4359]"
4,Prrxl1WT,3,69,M,"[ -31    1  419  457  635  679  747  791  874  912  964 1013 1365 1409
 1593 1637 1732 1754 1821 1854 1921 1960 2159 2219 2293 2377 2477 2567
 2609 2689 2759 2825 3367 3394 4008 4187 4324]"
4,Prrxl1WT,3,70,M,"[ -32    1  685  735  862  939  989 1057 1102 1180 1280 1334 1586 1658
 1719 1802 1846 1954]"
4,Prrxl1WT,3,71,M,"[   1   52  130  182  342  384  456  488  550  592  658  699  766  813
  874  921 1017 1039]"
4,Prrxl1WT,3,72,M,"[   1   52   75  362  383  538  605  651  688  745  802  852  901  961
 1010 1090 1146 1402 1430 1803 2009 2246 2313 2769 2818 2874 2924 2991
 3034 3414 3440 3664 3725 3802 3869 4351 4418 4490 4610 4666 4762 4835]"
4,Prrxl1WT,3,73,M,"[   1  156  179  290  310  357  413  470  509  565  626  679  721  774
  847  893  948 1030 1115 1161 1608 1663 1707 1768 1818 1936 2212 2303
 2324 2529 2573 2637 2687 2754 2816 2955 3560 3602 3663 4314 4364 4431
 4497 4690 4786 4832]"
4,Prrxl1WT,3,74,M,[   1  141  185  437  460  910 4752]
4,Prrxl1WT,3,75,M,"[ -77    1   52   75  598  642  829  907  959 1718 1751 1784 2076 2120
 2171 2214 2632 2665 2730 2781 2862 2901 2991 3015 3096 3538 3846]"
4,Prrxl1WT,3,76,M,[  1  33  71 263 285 331 535 573 652 684]
4,Prrxl1WT,3,77,M,"[   1   48   97  159  204  313  415  473  517  682  883  925 3739 3765
 3808 3999 4019 4076 4137 4302 4330 4412 4432 4540 4589 4770 4836 4894
 4943]"
4,Prrxl1WT,3,78,M,[-72   1  72 127 196 246 289 344 430 450 513 575 637]
4,Prrxl1WT,3,79,M,"[   1   38   60  440  462  529  584  637  692  859  921 1099 1728 1983
 2021 2068 2123 2625 2658 2699 2784 3824 4601 4644 4683 4984]"
4,Prrxl1WT,3,80,M,"[  1  28  51 124 185 241 280 338 382 438 482 551 595 651 696 769 800 869
 931]"
4,Prrxl1WT,3,81,M,[   1   47   75  141  190  445  899 1059 1119 1157]
4,Prrxl1WT,3,82,M,"[   1   38   76  137  176  222  266  313  368  409  465  516  566  626
  683  753  814  880 2368 2410 2454 2610 2648 2828 2883 2944 2987 3156
 3205 3271 3321 3377 3432 3524 3551 3607 3658 3718 3766 3829 3879 4094
 4138 4203 4259 4330 4374 4440 4490 4556 4606 4672 4721 4802 4846 4908]"
4,Prrxl1WT,3,83,M,"[ -26   30   69  354  391  453  502  568  617  688  744  814  899  965
 1067 1127 1177 1233 1548 1702 1747 1804 1848 2112 2156 2311 2349 2530
 2574 2949 2987 3053 3097 3182 3232 3299 3348 3399 3447 3511 3555 3647
 3673 3725 3873 3988 4037 4109 4199 4250 4288 4444 4482 4554 4597 4658
 4709 4784 4834 4890 4951]"
4,Prrxl1WT,3,84,M,"[ -32    1   77  104  285  323  488  539  628  652  715  776  833  876
  973 1022 1122 1218 1286 1365 1426 1488 1574 1596 1672 1728 1803 1825
 2172 2216 2288 2360 2422 2472 2558 2613 2699 2743 2824 2874 2974 3005
 3073 3122 3189 3233 3417 3599 3647 3688 3741 3785 3894 3916 3992 4047
 4124 4190 4292 4370 4447 4491 4558 4603 4917]"
4,Prrxl1WT,3,85,M,"[   1   42   75  335  379  446  495  561  612  720  747  864  892  973
 1033 1100 1149 1196 1239 1619 1681 1743 1786 1854 1903 1975 2030 2311
 2344 2380 2404 2543 2576 2782 2838 2915 2974 3052 3096 3184 3209 3520
 3569 3646 3695 3761 3817 3893 3943 4030 4080 4175 4230 4307 4356 4442
 4491 4563 4653 4873]"
4,Prrxl1WT,3,86,M,"[ -28   29   97  190  279  337  381  442  485  581  608  699  847  909
  976 1063 1147 1208 1280 1365 3978 4026 4064 4138 4159 4353 4374 4455
 4516 4586 4648 4719 4786 4863 4916]"
4,Prrxl1WT,3,87,M,"[ -49    1   72  137  196  258  299  353  417  461  527  577  645  712
  778 1192 1249 1299 1366 1411 1493 1537 2152 2214 2392 2419 2516 2566
 2661 2683 2787 2820 2917 2984 3062 3093 3231 3257 3390 3487 3722 3806
 3863 3906 3974 4024 4091 4141 4341 4380 4476 4537 4633 4674 4713 4752
 4834 4869]"
4,Prrxl1WT,3,88,M,"[ -31    1   43   80  154  193  249  273  349  400  485  511  578  634
  718  757  868  895 1008 2385 2766 2822 2889 2949 3014 3075 3147 3202
 3255 3357 3435 3513 3976 4105 4725 4754 4842 4873 4932]"
4,Prrxl1WT,3,89,M,"[ -27  515  535  604  654  736  838  870  995 1047 1593 1770 1803 1875
 1920 2002 2052 2402 2440 2508 2547 2629 2684 2783 2811 2873 2929 3153
 3198 3265 3316 3382 3437 3527 3582 3655 3722 3790 3851 3929 3990 4073
 4152 4225 4280 4353 4403 4466 4516 4610 4671 4762 4806 4917]"
4,Prrxl1WT,3,90,M,"[   1  353  385  448  503  566  628  717  756  813  862 1041 1103 1191
 1236 1299 1354 1607 1652 1715 1776 1854 1921 2168 2247 2338 2361 2433
 2501 2588 2638 2695 2775 2843 2893 2970 3036 3418 3457 3520 3570 3627
 3676 3731 3786 3854 3915 3984 4034 4112 4168 4462 4570 4592]"
4,Prrxl1WT,3,91,M,"[   1  238 1107 1260 1296 1368 1423 1507 1556 1622 1662 1766 1838 1903
 1975 2045 2117 2178 2278 2715 2747 2818 2862 2953 3002 3074 3129 3324
 3352 3503 3538 3666 3704 3795 3851 3937 3994 4081 4179 4504 4553 4953]"
4,Prrxl1WT,3,92,M,"[ -26  164  198  361  400  472  528  590  634  716  771  893  977 1040
 1141 1194 1457 1784 2983 3122 3160 3226 3275 3360 3404 3489 3549 3645
 3672 3710 3778 3810 3847 4185 4223 4313 4374 4443 4499 4798 4821]"
4,Prrxl1WT,3,93,M,"[ -39    1  352  402  462  517  611  631  873  893  968 1035 1104 1160
 1243 1299 1866 1986 2061 2121 2210 2259 2330 2379 2594 2644 2715 2783
 2848 2903 2994 3071 3157 3287 3335 3388 3601 3661 3733 3783 4580 4645
 4704 4741 4799 4848 4925 4970]"
4,Prrxl1WT,3,94,M,"[ -48    1  268  312  368  417  479  524  752  790  857  902 1003 1063
 1151 1200 1313 1357 1429 1502 1568 1619 1890 1934 2006 2056 2137 2198
 2265 2320 2423 2474 2550 2594 2822 2878 2906 2936 3150 3187 3270 3309
 3395 3445 4177 4237 4448 4503 4585 4635 4711 4760 4850 4887 5624]"
4,Prrxl1WT,3,95,M,"[   0  183  239  312  345  411  468  706  779  807 1028 1091 1135 1207
 1267 1480]"
4,Prrxl1WT,3,96,M,"[   1   46   84  154  203  259  297  356  404  470  530  595  649  719
  962 1020 1069 1139 1216 1373 1417 1485 1523 1795 1838 1909 1953 2027
 2099 2165 2220 2280 2358 2424 2474 2639 2660 3031 3070 3146 3195 3281
 3320 3381 3426 3671 3877 3929 4002 4072 4128 4227 4254 4310 4354 4414
 4458 4698 4776 4828 4871 4927]"
4,Prrxl1WT,3,97,M,"[ -26   31   70  253  295  359  401  585  623  684  733  820  863  982
 1025 1099 1126 1330 1409 1461 1511 1597 1646 1741 1802 1873 1941 2132
 2182 2297 2316 2506 2590 2642 2680 2760 2805 2919 2939 3016 3060 3151
 3200 3296 3346 3437 3486 3547 3596 3832 3876 3957 4007 4098 4154 4224
 4297 4385 4435 4521 4605 4668 4742 5513]"
4,Prrxl1WT,3,98,M,"[   0  361  393  752  782 1200 1251 1354 1573 1760 1798 2593 2650 2711
 2785 3000 3119 3153 3203 3376 3428 3909 3987]"
4,Prrxl1WT,3,99,M,"[ -48    1  392  431  514  552  739 4162 4309 4352 4427 4475 4556 4611
 4687 4726 4817 4861 4932]"
4,Prrxl1WT,3,100,M,"[ -27  466  503  600  620  731  753  872  894  987 1031 1117 1167 1248
 1334 1405 1661 1736 1762 2398 2419 2451 2506 2564 2603 2669 2712 2790
 2825 3047 3080 3166 3210 3306 3357 3437 3493 3575 3613 3991 4088 4119
 4162 4235 4284 4347 4396 4473 4518 4595 4650 5305]"
4,Prrxl1WT,3,101,M,"[   1  174  211  285  329  395  445  516  566  929 1036 1103 1187 1238
 1473 1535 1683 1715 1822 1869 1929 2196 2286 2650 2671 2748 2792 2874
 2930 3022 3070 3154 3209 3331 3467 3539 3583 3999 4037 4103 4142 4224
 4274 4356 4410]"
4,Prrxl1WT,3,102,M,[-65   1 100 157 246 280 332 393 446 496 567 617 700 760 848]
4,Prrxl1WT,3,103,M,"[   1   33   78  133  188  241  296  333  393  441  508  555 2843 2894
 2944 2997 3057 3109 3171 3238 3294 3341 3447 3484 3540 3602 3658 3715
 3806 3858 3914 3986 4088 4135 4225 4287]"
4,Prrxl1WT,3,104,M,"[   1  138  194  246  307  349  422  460  688  725  779  847  915  967
 1923 2173 2217 2284 2333 2399 2455 2522 2570 2629 2679 2731 2803 2836
 2891 3064 3449 3481 3526 3606]"
4,Prrxl1WT,3,105,M,[  1  38  75 133 441 495 580 617 691 738]
4,Prrxl1WT,3,106,M,"[   1   39   82  133  189  226  285  318  380  426  488  535  607  654
 1518 1564 1608 1669 1747 1785 4310 4362 4412 4459 4543 4599 4649 4825
 4915 4959]"
4,Prrxl1WT,3,107,M,"[   1   32   83  140  196  248  310  352  408  460  552  574 2741 2783
 2827 2984 3034 3086]"
4,Prrxl1WT,3,108,M,[  1  57 101 162 212 254 315 352 418 460 527 578 645 691 757 810]
4,Prrxl1WT,3,109,M,[  1  23  73 134 195 231 299 331 398 440 502 549 623 670]
4,Prrxl1WT,3,110,M,[1]
4,Prrxl1WT,3,111,M,[1]
4,Prrxl1WT,3,112,M,"[   1   69  204  250  392  414  486  514  586  617  695  727  800  841
  913  970 1047 1079 1169 1210 1294 1346 1435 1472 1573 1625]"
4,Prrxl1WT,3,113,M,[  1  58 108 203 241 288 356 403 464 522 588 640 730]
4,Prrxl1WT,3,114,M,"[   1   24   73  134  201  244  317  349  416  473  522  589 3431 3452
 3502 3559 3609 3702 3730 3791 3841 3945 3976 4034 4100 4163 4207 4272
 4329 4400 4450 4526 4576 4634 4724 4780 4837 4904]"
4,Prrxl1WT,3,115,M,"[ -28   25   92  155  207  264  337  369  442  501  545  607 1489 1510
 1567 1633 1701 1779 1829 1896 4258 4296 4340 4406 4455 4931 4968]"
4,Prrxl1WT,3,116,M,"[ -42    1   67  129  304  370  529  602  668 3312 3384 3434 3506 3574
 3645 3695 4109 4165 4260 4292 4397 4471 4533 4796 4886 4908 4981]"
4,Prrxl1WT,3,117,M,"[   1   34   78  380  570  616  666  847  891 1499 1520 1553 1592 1635
 1737 1788 1845 2018 2390 2458 2508 2581 2643 2726 2783 2881 3723 3780
 3858 3907 3975 4047 4091 4477 4511 4584 4968 5037]"
4,Prrxl1WT,3,118,M,[ -1  78 127 521]
4,Prrxl1WT,3,119,M,"[   1   37   60  126  177  224  274  321  382  430  486  533  601  632
 2596 2634 2673 2715 2764 2928 2984 3057]"
4,Prrxl1WT,3,120,M,"[   1   52  107  164  220  267  346  372  446  488  561  603 4861 4936
 4962]"
4,Prrxl1WT,3,121,M,[-66   1  67 117 177 227 274 324 380 429 485 541 601 679 715 881 902 968]
11,Prrxl1KO,1,1,M,"[  -5   66  199  279 1269 1325 1660 2080 2486 2735 2795 2865 2898 3013
 3051 3116 3188 4609 4640 5023]"
11,Prrxl1KO,1,2,M,"[   1   33   66  327  353  428  461  498  536 1685 1728 1830 1889 2487
 3078 3114 3168 3314 3402 3956]"
11,Prrxl1KO,1,3,M,"[   1  127  171  261  288  567  604  714  786 1100 1158 1226 1285 1608
 1829 2336 2369 2596 2634 3328 3500 3538 3564 3866]"
11,Prrxl1KO,1,4,M,"[   1   27  282  373  438  494  569  904  942 1164 1207 1511 1577 1641
 1684 1779 1805 1943 2040 2093 2136 2405 2425 2757 4712 4733 4933]"
11,Prrxl1KO,1,5,M,"[ -76    1  239 1755 1841 1906 2081 2259 2517 2560 2630 2653 2745 2822
 3118 3161 3222]"
11,Prrxl1KO,1,6,M,[   1   66  121  740  767 1479]
11,Prrxl1KO,1,7,M,"[   1   32  160  242  324  375  413 1524 1657 1795 1816 2128 3976 4077
 4158 4672]"
11,Prrxl1KO,1,8,M,"[   1   52  161  240  267  298  363  431  469  520  580  750  772  863
  889 1206 1276 1318 1468 1539 3901 4020 4041 4531]"
11,Prrxl1KO,1,9,M,"[   1   42  118  213  256  293  341  776  813 1637 1729 1751 4728 4815
 4858 5357]"
11,Prrxl1KO,1,10,M,"[   1   33  120  147  241  797  862  905  992 1018 1257 1282 1315 1535
 1607 1663]"
11,Prrxl1KO,1,11,M,"[   1  328  400  452  506  557  611  678  715 1025 1102 1154 1180 1237
 1346 1546 1583 1645 2057 2089 2242 2424 2577 2600 2621 2716 4903 4958
 4978]"
11,Prrxl1KO,1,12,M,"[ -37    1   48  147  280  351  524  562  843  908  974 1039 1105 1176
 1238 2739 2776 2808 3065 3108 3219]"
11,Prrxl1KO,1,13,M,"[   1   43  171  246  439  551 1137 1234 1316 1337 1414 1445 1517 1568
 1632 1710 1759 1800 1861 1918 2095 2137 2415 2708 2751 3497 3564 3600
 3627 3886 4270 4352 4378 4436]"
11,Prrxl1KO,1,14,M,"[   1   27   82  246  334  387  447  489  545  591  661  714  773  851
  906 1489 3542 3593 3660 3706 3782 3829 3850 3950 4035 4073 4150 4221
 4310 4412]"
11,Prrxl1KO,1,15,M,[   1  140  218  239  317 1458 1854 2008 3205 3232 3297 3338 3360 3607]
11,Prrxl1KO,1,16,M,[   1   97  161  770  840 1027 1054 1265 3283 3321 3370 3431 3486 4051]
11,Prrxl1KO,1,17,M,[   1   28   66  116  160  693 1007 1141 1217 1258 1374 1460 1492 1583]
11,Prrxl1KO,1,18,M,"[   1   22   82  138  220  484  561  591  652  740  767  827  887  958
 1040 1086 1146 1342 1408 1508 1836 2108 4431 4463 4550 4808 4876]"
11,Prrxl1KO,1,19,M,"[ -92    1   27   93 1104 1202 1253 1319 1349 2020 2414 2463 2563 2612
 2771]"
11,Prrxl1KO,1,20,M,[   1   23  177  538  631  653  741  897  952  998 2350 3199 4904 5010]
11,Prrxl1KO,1,21,M,"[   1   87  131  319  397  722  778  804  848 1082 1126 1276 1796 2092
 2113 2160 2182 2321 4877 4898 4980]"
11,Prrxl1KO,1,22,M,[ -98    1   23   76 1002 1095 1127 4539 4574 4602 5079]
11,Prrxl1KO,1,23,M,"[   0  286  654  763 1242 1312 1338 1394 1448 1505 1593 1634 1717 1796
 1815 1873 1956 2050 2501 2652 2701 2772 2797]"
11,Prrxl1KO,1,24,M,"[   1  143  231  263  284  409  430  580  787  841  873  892  946  966
 1008 1062 1170 1203 1258 1614 1641 1740 1957 1995 2022 2091 2619 3151
 3402 4856]"
11,Prrxl1KO,1,25,M,"[ -70    1   21   55  288  309  341  385  410  438  470  508  539  621
  669  757  798  819  931  997 1054 1114]"
11,Prrxl1KO,1,26,M,"[   0   68  238  288  365  432  621  686  763  895 1168 1209 1309 1588
 2024 2051 2167 2193 2331 2468]"
11,Prrxl1KO,1,27,M,"[   1   61  145  222  277  456  505  546  628  660  731  773 1000 1059
 1123 1286 1329 1380 1446 1524 1572 1729 1894 2099 2141 2407 2490 2526
 2664 2758 2778 2800]"
11,Prrxl1KO,1,28,M,[  1  22  66 131 316 406 441 560 659 711]
11,Prrxl1KO,1,29,M,"[   1   88  162  908  968 1025 1085 1308 2196 2234 2261 2353 2374 2528
 2821 2858 2912 2964]"
11,Prrxl1KO,1,30,M,"[   1   33  116  181  292  552  629  717  738  765  830  887  946  998
 3680 3712 3795 3913 4001 4032 4092 4254 4307 4346]"
11,Prrxl1KO,1,31,M,"[   0   48  197  263  311  388  420  472  527  588  670  722  758  826
  886  942 3992 4063 4223 4542]"
11,Prrxl1KO,1,32,M,[   1   27  177  299  365  422 3837 3880]
11,Prrxl1KO,1,33,M,[   1  112  205  403 1437 1558 1741 1817 4695 4727]
11,Prrxl1KO,1,34,M,"[   1   37  131  251  277  310  364  415  453  633  920  958 1033 1230
 1290 1336]"
11,Prrxl1KO,1,35,M,"[   1  352  401  769  812  883  949  995 1073 1164 1185 1424 3379 3523
 3556 4285 4435 4486 4624 4769]"
11,Prrxl1KO,1,36,M,[   1  520  820  916  976 1529 1589 2005 2289 2326 2409 2907]
11,Prrxl1KO,1,37,M,[   1  425  486  807  851  878 1171 1249 1271 1859 4616 4643 4843]
11,Prrxl1KO,1,38,M,[ -37    1  346  397  618 1731 2483]
11,Prrxl1KO,1,39,M,[   1  255  294 1294 3154 3201 3311 3432 3570 3597]
11,Prrxl1KO,1,40,M,"[   1   28  222  285  434  631  681  893  937  983 1032 1079 1168 1510
 3517 3537 3592 4075 4448 4510 4565 4658]"
11,Prrxl1KO,1,41,M,"[   1   32   92  178  222  778  833  885 1029 1071 1148 1199 1238 1319
 3722 3754 3837 3956 3993 4334 4395]"
11,Prrxl1KO,1,42,M,[1]
11,Prrxl1KO,1,43,M,[   1   56  479  741  941  987 1025 1095 1133]
11,Prrxl1KO,1,44,M,[  1 107]
11,Prrxl1KO,1,45,M,"[   1   67  290  376 1035 1130 1212 1249 1281 1510 1537 1612 1662 1732
 3113 3958]"
11,Prrxl1KO,1,46,M,[   1   42  119  213  240  354  398 1090]
11,Prrxl1KO,1,47,M,[   1  311  349  515  539  597  711  821  892  977 1020 1213 1235]
11,Prrxl1KO,1,48,M,[1]
11,Prrxl1KO,1,49,M,[ 1 89]
11,Prrxl1KO,1,50,M,[   1  260  895 1564]
11,Prrxl1KO,1,51,M,[   1   42   64  160  272  422  472 1027]
11,Prrxl1KO,1,52,M,[  -1   67  132  703  738 1180]
11,Prrxl1KO,1,53,M,[  1  42 114 259 432]
11,Prrxl1KO,1,54,M,[ 1 43]
11,Prrxl1KO,1,55,M,"[   1  131  467  978 1072 1313 1351 1470 1508 1694 3367 3393 3498 3564
 3619 4086 4146 4247]"
11,Prrxl1KO,1,56,M,[  -1  467  511  592  642 1103]
11,Prrxl1KO,1,57,M,[   1 2954 3072 3231]
11,Prrxl1KO,1,58,M,[  1  33 329 604]
11,Prrxl1KO,1,59,M,[   1   47  649  845 1848 2207 2225 3276]
11,Prrxl1KO,1,60,M,[   1   27  205 1363 3752]
11,Prrxl1KO,1,61,M,[   1  651  689  790  823 1254]
11,Prrxl1KO,1,62,M,[   1  338 2241 2332 2508 3208 3258 3301 3493 3521 4006 4210 4231 4429]
11,Prrxl1KO,1,63,M,[  -1 1092 3056]
11,Prrxl1KO,1,64,M,[  1 231]
11,Prrxl1KO,1,65,M,[  1  47 309 385 551 623]
11,Prrxl1KO,1,66,M,[   1  457  476  792  841 2066]
11,Prrxl1KO,1,67,M,[   1 1471 1688 1983]
11,Prrxl1KO,1,68,M,[  1 170]
11,Prrxl1KO,1,69,M,[   1 1174 1372 1544 3332 3570 3700]
11,Prrxl1KO,2,1,M,"[  27  123  205 1544 1605 1643 1707 2073 2105 2219 2241 2342 2384 2447
 2543 2582 2700 2980 3042 3132 3214]"
11,Prrxl1KO,2,2,M,"[   1   68  360  408  608  679 1269 1311 1384 1456 1501 1599 1648 1791
 1909 1931 1981 2112 2219]"
11,Prrxl1KO,2,3,M,"[   1   28   55  310  336  425  652  693  744  835  857  978 1235 1272
 1357 1405 1501 1571 1679 1736 1804 1870 1985 2022 2936 2965 3217 3278
 3344 3446 3525 3620 3728 3816 3866 3947 3991 4090 4148 4469 4542 4569
 4635 4693 4749 4842]"
11,Prrxl1KO,2,4,M,[ 1 43]
11,Prrxl1KO,2,5,M,[   1   63  652  742 2302 2349 2462 2490 2613 2645 2747 2798 2882 2939]
11,Prrxl1KO,2,6,M,"[   1   68  123  222  273  326  543  610  694  726  806  848  921  977
 1067 1089 1408 1476 1553 1601 2036 2063 2119]"
11,Prrxl1KO,2,7,M,"[   1  188  634  677 1056 1079 1273 1754 4173 4227 4288 4383 4421 4489
 4567 4629 4851]"
11,Prrxl1KO,2,8,M,[-85   1  39 123 156 182 320 928 956]
11,Prrxl1KO,2,9,M,"[  -2   48  109  183  238  290  387  414  647  679  777  829  916  984
 1085 1127 1173 1267 1346 1402 1492 1559 1638 1694 1929 1951 2192 2453
 2480 2547 2667 2689 2801 2881 2936 3009 3053 3161 3233 3326 3360 3458
 3554 3611]"
11,Prrxl1KO,2,10,M,"[   1   48   98  176  249  291  512  568  740  782  861  928  995 1058
 1188 1221 1281 1364]"
11,Prrxl1KO,2,11,M,[  1  49  83 349 400 442]
11,Prrxl1KO,2,12,M,[  1  63 125 203 414 461 679 701]
11,Prrxl1KO,2,13,M,"[   1   68  164  217  421  475  692  713  816  837  940  971 1069 1100
 1323 1370 1603]"
11,Prrxl1KO,2,14,M,"[   1   38  129  212  315  468  922  964 1176 1214 1898 1930 2043 2100
 2191 2423 2485 2574 2634 2834]"
11,Prrxl1KO,2,15,M,"[   1   59  137  195  279  322  534  567  796  817  925  953 1032 1089
 1168 1220 1304 1381 1442 1499 1538 1634 1706 1774 1825 1954 4020 4069
 4314 4371 4450 4517 4636 4663 4776 4842 4881]"
11,Prrxl1KO,2,16,M,"[ -62    1   72  163  252  371  394  704  726  953  977 1068 1090 1502
 1541 1642 1690 1775 1832 1945 1998 2038 2199 2249 2286 4145 4192 4237
 4334 4406 4459 4527 4593 4661 4783]"
11,Prrxl1KO,2,17,M,"[   1  435  492  612  781  803  923  965 1239 1272 1604 1703 1770 1837
 4183 4286 4336 4367 4406 4529 4561 4620 4918]"
11,Prrxl1KO,2,18,M,[ -66    1  232  253  382  472  514  771  820  969 1006]
11,Prrxl1KO,2,19,M,"[   1   32  303  437  787  815  917  955  998 1099 1177 1229 1332 1389
 2801 2843 2866 3165 3204 3443 3488 3910]"
11,Prrxl1KO,2,20,M,"[   1   32   88  150  201  229  256  351  396  428  518  560  651  693
  927  960 1062 1120 1215 1276 1714 1772 1822 1945 2012 2078 2129 2250
 2323 2396 2472 2531 2592 2668 2720]"
11,Prrxl1KO,2,21,M,"[   1  212  981 1078 1437 1528 1550 2109 2343 3144 3349 3718 3947 4062
 4095 4433]"
11,Prrxl1KO,2,22,M,[   1  245  421 1493]
11,Prrxl1KO,2,23,M,"[   1   83  105  247 1932 2095 2502 2524 2609 2797 2847 2986 3024 3078
 3157 3284 3328 3356 3406 3725 3821 3903 3948 4358 4442 4485 4551 4625
 4664 4756]"
11,Prrxl1KO,2,24,M,"[   1   84  187  214  414  562  963 1005 1085 1122 1211 1238 1333 1370
 1931 2534 2626 2653 3118 3296 3420 3498 3548 3739 3777 3884 3934 3997
 4208 4389 4448 4649 4756 4957]"
11,Prrxl1KO,2,25,M,[-27  91 141 248]
11,Prrxl1KO,2,26,M,"[   1   60  853  953 1853 1901 1940 2432 2626 2693 2755 2840 2884 2950
 3034 3112 3191 3263]"
11,Prrxl1KO,2,27,M,"[   1  104  218  418  576  599  633  718  813  846  935 1424 1480 1638
 1722 2146 2438 2626 2683 2811 2878 2967 3253 3701 3848 3872 3997 4213
 4316 4377 4450 4722 4855]"
11,Prrxl1KO,2,28,M,"[ -72    1   64  102  144  234  350  716  789  965 1024 1091 1149 1245
 1297 1497 2087 2334 2793 2952 3176 3237 3569 3862 4349]"
11,Prrxl1KO,2,29,M,"[   1   51  119  614  939 1433 1978 2575 2616 2642 2830 3115 3153 3449
 3770 3835 3955 4019 4051 4146 4190 4252 4498 4524 4598 4661 4734 4822]"
11,Prrxl1KO,2,30,M,"[   1   53  120  200  249  337  409  515  541  710  783  835  908  970
 1049 1097 1175 1223 1302 1355]"
11,Prrxl1KO,2,31,M,"[   0   95  174  254  391  488  510  658  731  907  980 1047 1075 1206
 1228 1300 1360 1410 1472 1747 2014 2184 2245 2313 4046 4113 4146 4542
 4644 4676 4743 4796 4874 4936]"
11,Prrxl1KO,2,32,M,"[   1  506  551  579 1021 1073 1119 1532 2916 2938 4319 4378 4474 4776
 4867]"
11,Prrxl1KO,2,33,M,"[ -72    1  602  974 1083 1196 1223 1337 1562 1623 1651 1674 1911 2064
 2100 2329 2507 2833 3131 3308 3472 3574 3650 3689 3746 3848 3906 4025
 4047 4076]"
11,Prrxl1KO,2,34,M,"[   1  146  284  346  426  479  656  693  833 1289 1316 3632 3685 3764
 4071 4214 4615 4712 4833 4882 4958]"
11,Prrxl1KO,2,35,M,[ -27   16   95  142  197  500  770 1047 1126 1185 1269 1475]
11,Prrxl1KO,2,36,M,"[   0   34 1567 1635 1731 1809 1957 2011 2101 2193 2284 2361 2503 2541
 2661 2734 2830 2857 3911 3949 4034 4132]"
11,Prrxl1KO,2,37,M,"[   1   63  109  616  672  732  805  858  943  990 1531 1568 1636 1768
 2691 2753 2816 2904 3023 3094 3178 3235 3371 3409 3555 3604]"
11,Prrxl1KO,2,38,M,[  1  39 181 333 390 594 696 723 809]
11,Prrxl1KO,2,39,M,[   1   64  297  375 1076 1165 1404 1441 1561 1603]
11,Prrxl1KO,2,40,M,[  0  64 167 229 325 358 465 505 601 628]
11,Prrxl1KO,2,41,M,"[   1   43  111  153  224  277  730  840 1344 1386 1471 1524 1557 1956
 2144 2197 2254 2286 2320 2424 2617 2660 2705 2777 2867 3062 3153 3204
 3278 3361 3434 3481 3559 3627 3712 3760 3925 4096 4156 4229 4324 4382
 4670 4712 4785 4879 4924 5048]"
11,Prrxl1KO,2,42,M,"[   0  364  420  452  519  593  637  679  746  804  865  923  979 1041
 1108 1165]"
11,Prrxl1KO,2,43,M,"[   1   62  119  195  257  530  598  749  822  869  942  999 1072 1134
 1190 1222 3500 3547 3608 3655 3722 3774 3840 3893 3966 4022 4118 4177
 4336 4442 4464 4517 4601 5053]"
11,Prrxl1KO,2,44,M,"[   1  177  309  343  364  407  486  508  690  738  811  853  943  990
 1074 1127 1332 1370 1430 1487 1560 1611 1696 1743 2267 2288 2552 2665
 2710 2766 2861 3034 3105 3239 3289 3538 3596 3687 3990 4183 4251 4699
 4788 4871]"
11,Prrxl1KO,2,45,M,"[   1  145  204  369  506  625  671  846  930  982 1049 1105 1437 1494
 1550 1621 4228 4270 4338 4390 4472 4536 4572 4813 4870]"
11,Prrxl1KO,2,46,M,"[ -73    1  106  134  279  318  558  585  647  737  764  832  908  975
 1192 1576 1602 1647 1772 1799 1881 2094 2162 2218 2279 2362 2420 2568
 2601 2724 2751]"
11,Prrxl1KO,2,47,M,"[   1   51   89  127  200  252  579  605  800  856  946  983 1067 1109
 1199 1236 2031 2102 2176 2381 2453 2931 3246 3314 3409 3471 3556 3603
 3675 3757 3852 3933 4039 4219 4309 4357 4402 4444 4534 4586 4678 4705
 4763 4895]"
11,Prrxl1KO,2,48,M,"[   1   23  182  225  275  327  394  458  508  560  731  763  853  890
  964 1031 2697 2805 2849 2906 3157 3358 3378 3456 3782 3972]"
11,Prrxl1KO,2,49,M,[   1  513  592  620  972 1144 1194 1227 1306]
11,Prrxl1KO,2,50,M,"[   0   92  113  207  263  341  398  472  528  581  654  717  773  856
  939  982 1817 1875 1897 1970]"
11,Prrxl1KO,2,51,M,"[   1  278  599  742  826  870  938  991 1065 1123 1202 3919 3956 4012
 5168]"
11,Prrxl1KO,2,52,M,"[   1  330  397  450  530  604  775  807  904  937 1022 1074 1159 1217
 1302 1355 3850 3955 4023 4119 4142 4488 4558 4767 4835 4914]"
11,Prrxl1KO,2,53,M,"[   1   23   58  111  213  381  766  910  982 1025 1093 1162 3106 3245
 3272 3509 3559 3885 4114 4210 4243 4329 4403 4491 4547 4575 4707]"
11,Prrxl1KO,2,54,M,"[   1   38   88  156  185  312  360  394  479  506  596  629  725  748
  980 1045 1091 1153 1238 1281]"
11,Prrxl1KO,2,55,M,"[  -1   32  106  159  221  264  343  396  465  539  596  639  838  871
 1209 1247 1321]"
11,Prrxl1KO,2,56,M,[  1  39  62 260 350 506 579]
11,Prrxl1KO,2,57,M,"[   1  172  349  439 1249 1276 1338 1404 1725 1772 1827 1903 1987 2048
 2110 2175 2277 2318 2390 2467 2521 2618 2684 2775 2869 2930 3002 3079
 3147 3388 3456 3679 4100 4891 4940 4978]"
11,Prrxl1KO,2,58,M,"[  -1  453 1142 1174 1253 1552 1624 1681 1776 1828 1907 1968 2026 2101
 2180 2232 2322 2364 2899 2928 2988 3065 3125 3335]"
11,Prrxl1KO,2,59,M,[   1  191  241  273  381  418  514  755 2626 2967]
11,Prrxl1KO,2,60,M,[  1 147 227 269 355 521 606 649 717 765 816 889 974]
11,Prrxl1KO,2,61,M,[   1  255  375  464  531  604  677  819  915  994 1046 1103 1130]
11,Prrxl1KO,2,62,M,[  1  43 104 152 214 262 571]
11,Prrxl1KO,2,63,M,"[   1  300  603  655  734  782  844 1023 1073 1150 1251 1274 2940 2968
 3023 3072 3145 3198 3237 3450 3505 3569 3648 3815 3918 3959 4118 4912]"
11,Prrxl1KO,2,64,M,"[ -83    1   43  104  187  259  710 1123 1410 1493 1610 1637 1669 1892
 2079]"
11,Prrxl1KO,2,65,M,[  1  38 105 152 219 400 473 516 589 636 697 759 831]
11,Prrxl1KO,2,66,M,[  1 383]
11,Prrxl1KO,2,67,M,[   1  550  862 1498 2517]
11,Prrxl1KO,3,1,M,[  -5  425 2824 3360]
11,Prrxl1KO,3,2,M,[   1  411 2590 2747 2791 3726 3759 4056 4554 4604 4660 4880 4914 4971]
11,Prrxl1KO,3,3,M,[  1  22  96 244]
11,Prrxl1KO,3,4,M,"[   1   29  250  336 1748 1790 1835 2026 2099 2146 2225 2268 2296 2466
 2486 2510 2589 2967 3017 3173 3206 3509]"
11,Prrxl1KO,3,5,M,"[  -1  257  337  365 2594 2626 2929 2958 3020 3098 3120 3187 3347 3410
 3479 3604 3644 3670 3767 3814 3888 4181]"
11,Prrxl1KO,3,6,M,"[ -28  318 2565 2618 2984 3072 3129 3290 3450 3494 3544 3637 3726 3764
 3827 3891 3953 4036 4312 4339 4372 4415 4493 4545 4603 4680]"
11,Prrxl1KO,3,7,M,"[   1   28   67  218  944  987 1152 1425 1552 1573 1612 1655 1741 1768
 3719 4004 4100 4148 4244 4270 4361 4403 4466 4528 4556 4910]"
11,Prrxl1KO,3,8,M,"[   1  105  310  358 1071 1172 1201 1309 1366 1439 1473 1572 1634 4784
 4827 4968]"
11,Prrxl1KO,3,9,M,"[   1   39  152  351  713  746  831  929 4527 4548 4576 4673 4712 4841
 4863 4895]"
11,Prrxl1KO,3,10,M,"[   1   94  155  318  773  842  881 1154 1205 1227 1272 1315 1342 1433
 1477 1539 1614 1672 3664 3971 3999 4073 4158 4186 4236 4332 4406 4443
 4552]"
11,Prrxl1KO,3,11,M,"[   1  267  480  508  629  726  869 1024 1075 1213 1270 1337 1388 1473
 1524 1588 1840 1924 1980 2088 3836 3879 3912 4081 4327 4349 4469 4500
 4598 4636 4886 5054]"
11,Prrxl1KO,3,12,M,"[  -1 1652 1697 1735 2235 2283 2386 2439 2576 2619 2651 2673 2706 2825
 2884 2950 3010 3096 3135 3410 3558 3597 3871 3951 3993 4113 4157 4206
 4240 4309 4384 4486 4520 4632 4942]"
11,Prrxl1KO,3,13,M,[-50   1 475]
11,Prrxl1KO,3,14,M,"[   0   40  215  352 1037 1095 1197 1225 1333 1364 1467 1533 1605 1648
 1756 1783 1858 1921 2019 2057 2129 2188 2220 2269 2301 2452 2490 2663
 2936 2974 3031 3104 3187 3427 5001]"
11,Prrxl1KO,3,15,M,"[   0   74  162  183  310  636  760  851  873 2205 2243 2345 2414 2648
 2787 2820 2889 2950 3175 3293 3320 3394]"
11,Prrxl1KO,3,16,M,"[   1   43   72  167 1834 1946 2297 2319 2405 2459 2494 2629 2991 3051
 3249 3421]"
11,Prrxl1KO,3,17,M,"[   1   23  321  436  966 1081 1148 1207 1297 1324 1410 1448 1562 1590
 1684 1723 4859 4901 4970]"
11,Prrxl1KO,3,18,M,"[ -62    1   98  143  313  375  514  708  751  820  891  929  998 1059
 1082 1197 1228 1307 1404]"
11,Prrxl1KO,3,19,M,"[  -1   23  309  384  758  785 3554 3722 4061 4083 4219 4247 4313 4531
 4628 4650 4708 4783 4869 4913]"
11,Prrxl1KO,3,20,M,"[ -26   26   99  152  192  303  536  565  650  738  788  853 1084 1137
 1716 1769 1815 1889 2048 2240 2273 2358 2858 2903 3085 3161 3364 3427
 3534 3557 3636 3687 3789 3817 4853 4922]"
11,Prrxl1KO,3,21,M,"[ -27   20  113  150  234  373  446  520  574  797  848  881  927 1056
 1088 1151 1213 1297 1366 1418 1515]"
11,Prrxl1KO,3,22,M,"[   1   38   84  231  879  963  992 1125 1421 1483 1551 1630 1702 1778
 1833 1897 2005 2026 2089 2151 2224 2277 2361 2389 2632 2659 2693 2725
 2883 2937 3050 3072 3129 3208 3300 3358 3478 3516]"
11,Prrxl1KO,3,23,M,"[  -1   27   73   95  157  231  591  615  649  866  946  999 1093 1177
 1221 1274 1376 1405 1461 1518 1615 1812 1863 1932 2012 2069 2196 2341
 2398 2481 2686 2769 2814 2861 2958 2995 3380 3406 3462 3521 3624 3655
 3752 3794 3817 3960 3999 4083]"
11,Prrxl1KO,3,24,M,"[   1   56  101  144  217  278  664  697 1005 1073 1171 1203 1311 1350
 1406 1508 3661 3705 3908 3998 4032 4094 4161 4218 4579]"
11,Prrxl1KO,3,25,M,"[   1   39   95  275  891  918 1054 1076 1178 1215 1283 1363 1413 1460
 1682 1719 1787 1849]"
11,Prrxl1KO,3,26,M,"[   1   23  124  302  634  673  740  777  862  899  973 1005 1101 1144
 1205 1263 2304 2327 2498 2566 2629 2672 2781 2818 2919 2952 3157 3231
 3327 3365 3462 3504 3578 3630 3715 3767 3835 3897 3982 4045 4170 4191
 4265 4343]"
11,Prrxl1KO,3,27,M,"[  -1   34  454  503  617  644  781  871 1635 1677 1751 1842 1875 1933
 2013 2065 2185 2208 2309 2351 2401 2429 2468 2520 2762 2784 2921 3023
 3057 3119 3229 3251 3361 3409 3465 3569]"
11,Prrxl1KO,3,28,M,"[   1   28  101  174  310  381  478  541  757  785  882  935  956 1049
 1134 1197 1275 1344]"
11,Prrxl1KO,3,29,M,[   1  108  218  357  621  653  958 1171 1252 1401 2098 2210 2238 2303]
11,Prrxl1KO,3,30,M,"[   1   29  211  263  324  367  742  784  990 1032 1129 1171 1256 1282
 1380 1411 4676 4734 4802 4859]"
11,Prrxl1KO,3,31,M,[   1   23   74  296  959 1086]
11,Prrxl1KO,3,32,M,"[   1   34  107  135  158  179  518  572 1396 1443 1515 1592 1636 1675
 1743 1790 1870 1927 2017 2049 2123 2180 2449 2508 2574 2643 2733 2776
 2855 2902 2977 3029 3096 3159 3242 3281 3371 3404 3465 3534 3590 3646
 3760 3787 3883 3946 4009 4075 4325 4348 4415 4478 4545 4751 4836 4878]"
11,Prrxl1KO,3,33,M,"[ -27   27   99  157  237  264  811  848  963  984 1074 1158 1180 1282
 1332 1365 1427 1489 1585 1667 1713 1760 1856 1889 1973 2031 2116 2168
 2264 2311 2368 2468 2501 2728 2836 2893 3017 3056 3123 3181 3254 3317
 3432 3458]"
11,Prrxl1KO,3,34,M,"[   1   34  113  239 2321 2456 2487 2557 2613 2687 2777 2809 2872 2949
 3143 3200 3268 3357 3435 3486 3576 3609 3687 3745 3862 3891 3993 4030
 4126 4240 4285 4333 4456 4489 4580 4633 4739 4773 4835 4857]"
11,Prrxl1KO,3,35,M,"[   1   32   90  223  792  816 1011 1065 1103 1142 1286 1324 1431 1454
 1520 1589 1650 1759 1929 1973 2080 2113 2210 2258 2331 2389 2467 2521
 2615 2664 4213 4271 4338 4396 4642 4670 4743 4823 4861]"
11,Prrxl1KO,3,36,M,"[ -72    1   86  183  226  311  339  509  594  638  700 1293 1315 1531
 1554 1655 1704 1889 1946 2043 2080 2153 2221 4061 4094 4447 4495 4585
 4617 4686 4748]"
11,Prrxl1KO,3,37,M,"[   1   23   79  256 1093 1121 1143 1191 1272 1310 1372 1431 1528 1571
 1639 1721 1795 1865 2353 2476 2589 2618]"
11,Prrxl1KO,3,38,M,"[   0   58  115  243  552  584 1000 1087 1138 1190 1270 1322 1418 1460
 1569 1590 1664 1726 1829 1862]"
11,Prrxl1KO,3,39,M,"[   1   64  104  182 1081 1103 1239 1272 1351 1403 1488 1520 3996 4097
 4136 4188 4255 4318 4384 4447 4664 4705 4778 4845 4929]"
11,Prrxl1KO,3,40,M,"[ -50    1   65  191  218 1976 2064 2085 2127 2327 2369 2464 2496 2709
 2740 2802 2882 2921]"
11,Prrxl1KO,3,41,M,[   1  536 2935 5103]
11,Prrxl1KO,3,42,M,[  1 385]
11,Prrxl1KO,3,43,M,"[   1   34  170  214  242  317  362  415  489  536  724  788  861  919
 1009 1061 1255 1305 1390 1437 1528 1594 1650 1737 1770 1833 2080]"
11,Prrxl1KO,3,44,M,"[   1   58  138  195 2223 2351 2609 2651 2717 2777 2871 2905 2972 3026
 3098 3146 3335 3403 3482 3520 3934 3955 4035 4093 4206 4238]"
11,Prrxl1KO,3,45,M,"[   0   49  122  170  763  816  942 1006 1096 1124 1202 1250 1323 1376
 1460 1508 1586 1640 1954 2003 2061 2118 2347 2375 2477 2524 2841 2879
 3117 3151 3235 3295 3414 3442]"
11,Prrxl1KO,3,46,M,[   0  204 1547 1585 1613 1698 1909 1942 4884]
11,Prrxl1KO,3,47,M,[ -72    1   53  357  409  674  722  789  836  923  965 1050]
11,Prrxl1KO,3,48,M,[  1  53 138]
11,Prrxl1KO,3,49,M,[   1   64  329  392  732  832 1252 1279 1353 1411]
11,Prrxl1KO,3,50,M,"[   1   50  124  231 3763 3806 3867 4115 4152 4204 4264 4316 4389 4526
 4678 4730]"
11,Prrxl1KO,3,51,M,"[   1   58  113  176  756  828  907  939 1145 1192 1264 1326 1396 1481
 1520 1597 1785 1943 2011 2073 2146 2198 2239 2267 2398 2440 2501 2578
 2640 2707 2776 2832 2911 2969 3597 3658 3726 3825 3863 3942 4003 4050
 4140 4347 4425 4483 4567 4619]"
11,Prrxl1KO,3,52,M,"[  -1   72   92  173 1203 1345 1539 1567 1634 1686 1902 1983 2005 2066
 2145 2187]"
11,Prrxl1KO,3,53,M,"[   1   64  120  249  507  613  680  732  817  859 1059 1117 1151 1215
 1673 1737 1771 1860 1899 1956 4864 4922]"
11,Prrxl1KO,3,54,M,[ -28  167  379  571  873 1075 1384 1448 1492 1544]
11,Prrxl1KO,3,55,M,"[   1   43   88  161  436  488  567  752  801  855 3518 3540 3601 3664
 3726 3787 3855 3926 3963 4017 4082 4131 4228 4249 4284 4406 4456 4503
 4571 4633 4706 4780]"
11,Prrxl1KO,3,56,M,"[   1   28  532  617  667  705  784  831  923  954 3368 3430 3492 3549
 3623 3681 3744 3826 3858 3900 3979 4021]"
11,Prrxl1KO,3,57,M,"[   1   48  114  163  403  455  529  561  628  707  751  824 3344 3375
 3436 3515 3605 3647 3707 3766 3856 3883 3956 3998 4077 4114 4416 4463
 4530 4602]"
11,Prrxl1KO,3,58,M,[  1  32 112 210 514 591 764]
11,Prrxl1KO,3,59,M,"[   1   44  111  186  323  382  426  468  530  577  644  691 3338 3401
 3462 3537 3579 3671 3700 3757 3927 3974 4059 4101]"
11,Prrxl1KO,3,60,M,"[   1   24   69  136  278  349  742  764  986 1018 1102 1149 3256 3310
 3406 3444 3545 3612 3657]"
11,Prrxl1KO,3,61,M,[  1  48 127 197 420]
11,Prrxl1KO,3,62,M,"[   1   48  110  183  321  529  600  662  688  777  821 3590 3617 3673
 3735 3791 3865 3920 4048 4074 4143 4741 4769 4863 4887 4953]"
11,Prrxl1KO,3,63,M,"[ -77    1  129  232  846  908  965 1033 1126 1175 1222 1717 1780 1825
 1883 1985 2120]"
11,Prrxl1KO,3,64,M,[   1   48  111  178  321  820  909  938 1356 1410 1472]
11,Prrxl1KO,3,65,M,[   1   88  110 1410]
11,Prrxl1KO,3,66,M,[   1  130 2061 4179]
11,Prrxl1KO,3,67,M,"[   1   69 2228 2362 2609 2657 4350 4444 4505 4568 4629 4682 4755 4802
 4876]"
11,Prrxl1KO,3,68,M,"[ -84    1   43  116  196  247  300  448  491  558  790  810  854  934
  971 1050 1097 1182 1214 1294 1336 1416 1458 1548 1630 1661 1714 1810
 1858 1931 1978 2281 2313 2387 2434 2523 2557 2694 2721 2781 2839 2900
 2958]"
11,Prrxl1KO,3,69,M,"[   1   33   72  135  323  394  652  705  779  832 3344 3483 3540 3598
 3688 3715 3742 3870 3915 3974 4045 4082 4151 4188 4256 4304 4387 4459
 4492 4534 4706 4763 4813 4907 4963 5042]"
11,Prrxl1KO,3,70,M,[   1  103 2418 2536 2814 2843 2872 3204 3281 3335]
11,Prrxl1KO,3,71,M,"[   1   45   66  136  192  294  328  382  449  509  546  615 2992 3044
 3111 3149 3239 3386 3476 3504 3690 3743]"
11,Prrxl1KO,3,72,M,"[   1   53  386  423 3594 3622 3666 3757 3782 3831 4122 4164 4237 4270
 4298 4321 4354 4418 4452 4504]"
11,Prrxl1KO,3,73,M,[   1   28   94  142 4145 4191 4259 4298 4359 4391 4649 4675 4760 4788]
11,Prrxl1KO,3,74,M,[1]
11,Prrxl1KO,3,75,M,[   1 1870]
11,Prrxl1KO,3,76,M,[   1   44 1161 1199 1995 2042]
11,Prrxl1KO,3,77,M,[   1  148  510  543 4367 4409 4610]
11,Prrxl1KO,3,78,M,[  1  48 369 411]
11,Prrxl1KO,3,79,M,[  1  29 569]
11,Prrxl1KO,3,80,M,[1]
11,Prrxl1KO,3,81,M,[ 0 66]
11,Prrxl1KO,3,82,M,[1]
11,Prrxl1KO,3,83,M,[  1 391]
11,Prrxl1KO,3,84,M,[  0 157]
11,Prrxl1KO,3,85,M,[  1  23 269 344]
11,Prrxl1KO,3,86,M,[ 1 50]
11,Prrxl1KO,3,87,M,[  1  42 118 170 260 383]
11,Prrxl1KO,3,88,M,[  1  28 263 305 886]
11,Prrxl1KO,3,89,M,[   1  296 2004]
