Date,mouse_number,genotype,Time of weight / food check (HH:MM),Weight (g),Sex
9/16/2018,1,Prrxl1WT,11:06:00,61.1,M
9/16/2018,2,Prrxl1WT,11:19:00,43.1,M
9/16/2018,13,Prrxl1KO,12:35:00,23.2,F
9/16/2018,14,Prrxl1KO,12:36:00,31.9,F
9/17/2018,1,Prrxl1WT,15:49:00,59.6,M
9/17/2018,2,Prrxl1WT,11:33:00,41.9,M
9/17/2018,13,Prrxl1KO,14:45:00,22.5,F
9/17/2018,14,Prrxl1KO,15:24:00,30.7,F
9/18/2018,1,Prrxl1WT,15:11:00,58.6,M
9/18/2018,2,Prrxl1WT,11:06:00,41.4,M
9/18/2018,13,Prrxl1KO,15:22:00,22.2,F
9/18/2018,14,Prrxl1KO,14:39:00,29.8,F
9/19/2018,1,Prrxl1WT,14:57:00,57.7,M
9/19/2018,2,Prrxl1WT,15:08:00,40.6,M
9/19/2018,13,Prrxl1KO,15:34:00,22.4,F
9/19/2018,14,Prrxl1KO,15:32:00,28.4,F
9/20/2018,1,Prrxl1WT,12:33:00,57.1,M
9/20/2018,2,Prrxl1WT,12:46:00,39.7,M
9/20/2018,13,Prrxl1KO,13:15:00,21.7,F
9/20/2018,14,Prrxl1KO,13:19:00,27.9,F
9/21/2018,1,Prrxl1WT,10:49:00,56.5,M
9/21/2018,2,Prrxl1WT,10:58:00,39.3,M
9/22/2018,1,Prrxl1WT,13:18:00,55.4,M
9/22/2018,2,Prrxl1WT,13:33:00,38.3,M
9/23/2018,1,Prrxl1WT,10:20:00,54.9,M
9/23/2018,2,Prrxl1WT,10:33:00,38.1,M
9/24/2018,1,Prrxl1WT,11:08:00,54.5,M
9/24/2018,2,Prrxl1WT,11:16:00,37.2,M
9/24/2018,13,Prrxl1KO,11:35:00,22,F
9/24/2018,14,Prrxl1KO,11:36:00,26.5,F
9/25/2018,1,Prrxl1WT,10:40:00,53.9,M
9/25/2018,2,Prrxl1WT,10:46:00,36.9,M
9/25/2018,13,Prrxl1KO,11:14:00,21,F
9/25/2018,14,Prrxl1KO,11:14:00,26.2,F
9/26/2018,1,Prrxl1WT,11:38:00,53.5,M
9/26/2018,2,Prrxl1WT,11:45:00,36.3,M
9/26/2018,13,Prrxl1KO,12:14:00,20.3,F
9/26/2018,14,Prrxl1KO,12:15:00,25.6,F
9/27/2018,1,Prrxl1WT,10:51:00,53.1,M
9/27/2018,2,Prrxl1WT,10:58:00,35.9,M
9/28/2018,1,Prrxl1WT,12:18:00,52.5,M
9/28/2018,2,Prrxl1WT,12:26:00,35.4,M
9/29/2018,1,Prrxl1WT,14:22:00,51.7,M
9/29/2018,2,Prrxl1WT,14:33:00,35.1,M
9/29/2018,13,Prrxl1KO,15:04:00,19.8,F
9/29/2018,14,Prrxl1KO,15:03:00,26,F
9/30/2018,1,Prrxl1WT,13:05:00,51.4,M
9/30/2018,2,Prrxl1WT,13:16:00,34.8,M
10/1/2018,1,Prrxl1WT,12:11:00,51.1,M
10/1/2018,2,Prrxl1WT,12:17:00,34.7,M
10/2/2018,1,Prrxl1WT,10:45:00,50.9,M
10/2/2018,2,Prrxl1WT,10:52:00,34.6,M
10/2/2018,13,Prrxl1KO,13:17:00,19.9,F
10/2/2018,14,Prrxl1KO,13:15:00,27.8,F
10/3/2018,2,Prrxl1WT,12:32:00,34.4,M
10/3/2018,14,Prrxl1KO,12:50:00,28.9,F
10/4/2018,2,Prrxl1WT,11:56:00,34.3,M
10/5/2018,2,Prrxl1WT,12:48:00,34,M
10/6/2018,2,Prrxl1WT,11:29:00,34.2,M
10/7/2018,2,Prrxl1WT,13:27:00,34,M
10/8/2018,2,Prrxl1WT,12:52:00,33.8,M
10/8/2018,13,Prrxl1KO,13:34:00,20.2,F
10/8/2018,14,Prrxl1KO,13:36:00,27.7,F
10/9/2018,2,Prrxl1WT,13:26:00,33.8,M
10/9/2018,14,Prrxl1KO,13:55:00,27.3,F
10/10/2018,2,Prrxl1WT,16:13:00,33.7,M
10/11/2018,2,Prrxl1WT,17:16:00,33.4,M
10/12/2018,2,Prrxl1WT,12:34:00,33.5,M
10/13/2018,2,Prrxl1WT,13:59:00,33.2,M
10/14/2018,2,Prrxl1WT,11:44:00,33,M
10/15/2018,2,Prrxl1WT,12:13:00,33,M
10/16/2018,2,Prrxl1WT,15:08:00,32.8,M
10/29/2018,13,Prrxl1KO,12:45:00,22.4,F
10/29/2018,14,Prrxl1KO,12:44:00,28.6,F
10/30/2018,13,Prrxl1KO,12:06:00,23.2,F
10/30/2018,14,Prrxl1KO,12:05:00,31.1,F
10/31/2018,13,Prrxl1KO,12:35:00,22.6,F
10/31/2018,14,Prrxl1KO,12:36:00,29.7,F
11/1/2018,13,Prrxl1KO,14:23:00,23.7,F
11/1/2018,14,Prrxl1KO,14:22:00,30.8,F
11/2/2018,13,Prrxl1KO,16:41:00,21.9,F
11/2/2018,14,Prrxl1KO,16:42:00,29.7,F
1/17/2019,3,Prrxl1WT,17:34:00,49.1,F
1/17/2019,5,Prrxl1WT,17:31:00,48.3,F
1/17/2019,6,Prrxl1WT,17:36:00,25.3,F
1/18/2019,3,Prrxl1WT,18:40:00,49.3,F
1/18/2019,12,Prrxl1KO,14:30:00,31.1,F
1/18/2019,5,Prrxl1WT,17:43:00,48.7,F
1/23/2019,11,Prrxl1KO,16:47:00,33.9,M
1/24/2019,11,Prrxl1KO,13:20:00,31.7,M
1/24/2019,3,Prrxl1WT,13:55:00,49.8,F
1/24/2019,12,Prrxl1KO,13:42:00,30.4,F
1/24/2019,4,Prrxl1WT,13:24:00,64,M
1/24/2019,5,Prrxl1WT,13:54:00,50.6,F
1/24/2019,6,Prrxl1WT,14:00:00,28.2,F
1/24/2019,7,Prrxl1WT,13:31:00,46.4,M
1/24/2019,8,Prrxl1WT,13:29:00,36.7,M
1/24/2019,15,Prrxl1KO,13:48:00,35.2,F
1/24/2019,16,Prrxl1KO,13:50:00,28.7,F
1/25/2019,10,Prrxl1KO,13:13:00,32.3,M
1/25/2019,11,Prrxl1KO,13:19:00,30.3,M
1/25/2019,3,Prrxl1WT,14:35:00,48.8,F
1/25/2019,12,Prrxl1KO,14:22:00,30.7,F
1/25/2019,4,Prrxl1WT,13:22:00,64.4,M
1/25/2019,5,Prrxl1WT,14:32:00,50.2,F
1/25/2019,6,Prrxl1WT,14:40:00,26.8,F
1/25/2019,7,Prrxl1WT,13:30:00,46.3,M
1/25/2019,8,Prrxl1WT,13:28:00,36,M
1/25/2019,15,Prrxl1KO,14:27:00,33.2,F
1/25/2019,16,Prrxl1KO,14:28:00,27.9,F
1/26/2019,10,Prrxl1KO,15:46:00,32.9,M
1/26/2019,3,Prrxl1WT,16:23:00,48.6,F
1/26/2019,12,Prrxl1KO,16:14:00,30.3,F
1/26/2019,4,Prrxl1WT,15:56:00,63.8,M
1/26/2019,5,Prrxl1WT,16:24:00,49.6,F
1/26/2019,7,Prrxl1WT,15:57:00,45.8,M
1/26/2019,8,Prrxl1WT,15:59:00,34.9,M
1/26/2019,15,Prrxl1KO,16:19:00,32.4,F
1/26/2019,16,Prrxl1KO,16:17:00,27.9,F
1/29/2019,9,Prrxl1KO,13:31:00,35.7,M
1/29/2019,10,Prrxl1KO,13:36:00,30.9,M
1/29/2019,11,Prrxl1KO,13:41:00,30.5,M
1/29/2019,3,Prrxl1WT,14:09:00,48.6,F
1/29/2019,5,Prrxl1WT,14:06:00,50,F
1/29/2019,6,Prrxl1WT,14:14:00,25.2,F
1/29/2019,7,Prrxl1WT,13:48:00,48.1,M
1/29/2019,8,Prrxl1WT,13:49:00,36.9,M
1/30/2019,9,Prrxl1KO,16:51:00,35.3,M
1/30/2019,10,Prrxl1KO,16:55:00,29.8,M
1/30/2019,11,Prrxl1KO,16:59:00,29.2,M
1/30/2019,3,Prrxl1WT,14:59:00,47.5,F
1/30/2019,5,Prrxl1WT,14:13:00,48.8,F
1/30/2019,6,Prrxl1WT,14:36:00,26.1,F
1/30/2019,7,Prrxl1WT,17:07:00,47.6,M
1/30/2019,8,Prrxl1WT,17:07:00,36.3,M
1/31/2019,9,Prrxl1KO,13:13:00,35.6,M
1/31/2019,10,Prrxl1KO,13:15:00,29.1,M
1/31/2019,11,Prrxl1KO,13:19:00,29.6,M
1/31/2019,3,Prrxl1WT,13:46:00,47,F
1/31/2019,4,Prrxl1WT,13:21:00,63.1,M
1/31/2019,5,Prrxl1WT,13:44:00,49.2,F
1/31/2019,7,Prrxl1WT,13:28:00,47.7,M
1/31/2019,8,Prrxl1WT,13:29:00,36,M
2/1/2019,9,Prrxl1KO,9:25:00,34.2,M
2/1/2019,10,Prrxl1KO,11:00:00,29.8,M
2/1/2019,11,Prrxl1KO,14:16:00,29.5,M
2/1/2019,3,Prrxl1WT,14:54:00,46.3,F
2/1/2019,12,Prrxl1KO,14:42:00,27.7,F
2/1/2019,4,Prrxl1WT,14:15:00,63.1,M
2/1/2019,5,Prrxl1WT,14:53:00,49.4,F
2/1/2019,7,Prrxl1WT,14:33:00,46.9,M
2/1/2019,8,Prrxl1WT,14:34:00,34.8,M
2/1/2019,15,Prrxl1KO,14:50:00,30.7,F
2/1/2019,16,Prrxl1KO,14:46:00,25.9,F
2/2/2019,10,Prrxl1KO,14:54:00,30.1,M
2/2/2019,3,Prrxl1WT,15:43:00,47.1,F
2/2/2019,12,Prrxl1KO,15:34:00,28.2,F
2/2/2019,4,Prrxl1WT,15:00:00,64.7,M
2/2/2019,5,Prrxl1WT,15:41:00,50,F
2/2/2019,6,Prrxl1WT,15:45:00,26.4,F
2/2/2019,7,Prrxl1WT,15:04:00,48.1,M
2/2/2019,8,Prrxl1WT,15:06:00,34.9,M
2/3/2019,10,Prrxl1KO,12:41:00,28.5,M
2/3/2019,3,Prrxl1WT,13:31:00,47,F
2/3/2019,12,Prrxl1KO,13:17:00,27.5,F
2/3/2019,4,Prrxl1WT,12:50:00,65.3,M
2/3/2019,5,Prrxl1WT,13:33:00,50.5,F
2/3/2019,6,Prrxl1WT,13:39:00,27.1,F
2/3/2019,7,Prrxl1WT,12:53:00,48.1,M
2/3/2019,8,Prrxl1WT,12:54:00,34.8,M
2/4/2019,9,Prrxl1KO,15:19:00,33.8,M
2/4/2019,3,Prrxl1WT,16:01:00,48.3,F
2/4/2019,12,Prrxl1KO,15:46:00,26.5,F
2/4/2019,4,Prrxl1WT,15:31:00,63.9,M
2/4/2019,5,Prrxl1WT,16:00:00,51,F
2/4/2019,6,Prrxl1WT,15:50:00,26.6,F
2/4/2019,7,Prrxl1WT,12:15:00,47.2,M
2/4/2019,8,Prrxl1WT,15:39:00,35.3,M
2/5/2019,9,Prrxl1KO,14:03:00,35.3,M
2/5/2019,3,Prrxl1WT,14:33:00,47.6,F
2/5/2019,12,Prrxl1KO,14:26:00,28.4,F
2/5/2019,4,Prrxl1WT,14:12:00,67.5,M
2/5/2019,5,Prrxl1WT,14:31:00,50.7,F
2/5/2019,6,Prrxl1WT,14:36:00,26.6,F
2/5/2019,7,Prrxl1WT,14:15:00,48.8,M
2/5/2019,8,Prrxl1WT,14:17:00,35.2,M
2/6/2019,9,Prrxl1KO,16:45:00,34.7,M
2/6/2019,10,Prrxl1KO,16:48:00,30,M
2/6/2019,3,Prrxl1WT,16:17:00,46.7,F
2/6/2019,12,Prrxl1KO,9:30:00,28.6,F
2/6/2019,4,Prrxl1WT,16:55:00,65,M
2/6/2019,5,Prrxl1WT,16:16:00,50.4,F
2/6/2019,6,Prrxl1WT,16:19:00,27,F
2/6/2019,7,Prrxl1WT,17:00:00,48.4,M
2/6/2019,8,Prrxl1WT,17:02:00,35.1,M
2/6/2019,15,Prrxl1KO,15:52:00,32.1,F
2/6/2019,16,Prrxl1KO,14:59:00,28.2,F
2/7/2019,9,Prrxl1KO,14:46:00,36,M
2/7/2019,10,Prrxl1KO,14:49:00,30.7,M
2/7/2019,11,Prrxl1KO,14:56:00,30.3,M
2/7/2019,3,Prrxl1WT,12:49:00,45.2,F
2/7/2019,12,Prrxl1KO,14:12:00,29,F
2/7/2019,4,Prrxl1WT,14:58:00,64.8,M
2/7/2019,5,Prrxl1WT,11:43:00,49,F
2/7/2019,6,Prrxl1WT,14:34:00,26.5,F
2/7/2019,7,Prrxl1WT,15:17:00,48.6,M
2/7/2019,8,Prrxl1WT,15:18:00,35.2,M
2/7/2019,15,Prrxl1KO,14:20:00,32.1,F
2/7/2019,16,Prrxl1KO,14:21:00,28.3,F
2/14/2019,13,Prrxl1KO,13:35:00,19.8,F
2/14/2019,14,Prrxl1KO,13:34:00,32,F
2/15/2019,13,Prrxl1KO,12:16:00,19.6,F
2/15/2019,14,Prrxl1KO,11:04:00,31.8,F
2/16/2019,13,Prrxl1KO,15:21:00,18.9,F
2/16/2019,14,Prrxl1KO,15:23:00,31.3,F
2/16/2019,15,Prrxl1KO,15:31:00,32.8,F
2/16/2019,16,Prrxl1KO,15:29:00,27.3,F
2/17/2019,13,Prrxl1KO,13:51:00,18.1,F
2/17/2019,14,Prrxl1KO,13:42:00,30.1,F
2/17/2019,15,Prrxl1KO,14:17:00,33.2,F
2/17/2019,16,Prrxl1KO,14:09:00,27.1,F
3/9/2019,11,Prrxl1KO,11:24:00,22.7,M
3/10/2019,11,Prrxl1KO,12:38:00,23,M
4/10/2019,11,Prrxl1KO,16:10:00,22.6,M
4/11/2019,13,Prrxl1KO,12:39:00,19.3,F
4/11/2019,14,Prrxl1KO,12:38:00,30.6,F
4/14/2019,10,Prrxl1KO,13:35:00,23.1,M
4/14/2019,11,Prrxl1KO,13:38:00,26.1,M
7/4/2019,10,Prrxl1KO,12:43:00,27.8,M
7/18/2019,13,Prrxl1KO,14:15:00,20.3,F
7/25/2019,13,Prrxl1KO,11:46:00,20.9,F
7/28/2019,13,Prrxl1KO,13:29:00,21.2,F
7/29/2019,1,Prrxl1WT,11:50:00,46.3,M
7/29/2019,2,Prrxl1WT,11:51:00,38.3,M
7/29/2019,13,Prrxl1KO,12:08:00,20.9,F
7/29/2019,7,Prrxl1WT,12:04:00,41.2,M
7/29/2019,8,Prrxl1WT,12:05:00,33,M
7/30/2019,1,Prrxl1WT,11:49:00,45.1,M
7/30/2019,2,Prrxl1WT,11:52:00,40.1,M
7/30/2019,13,Prrxl1KO,12:18:00,20.2,F
7/30/2019,7,Prrxl1WT,12:11:00,41.1,M
7/30/2019,8,Prrxl1WT,12:12:00,33,M
7/31/2019,1,Prrxl1WT,14:29:00,46.4,M
7/31/2019,2,Prrxl1WT,14:31:00,38.9,M
7/31/2019,7,Prrxl1WT,14:46:00,41,M
7/31/2019,8,Prrxl1WT,14:48:00,33.1,M
8/1/2019,1,Prrxl1WT,14:42:00,47.3,M
8/1/2019,2,Prrxl1WT,14:44:00,39.5,M
8/1/2019,10,Prrxl1KO,14:51:00,27.9,M
8/1/2019,7,Prrxl1WT,14:57:00,41.5,M
8/1/2019,8,Prrxl1WT,14:58:00,34.5,M
8/2/2019,1,Prrxl1WT,10:46:00,47.3,M
8/2/2019,2,Prrxl1WT,10:48:00,39.6,M
8/2/2019,10,Prrxl1KO,10:53:00,27.9,M
8/2/2019,7,Prrxl1WT,11:00:00,42.3,M
8/2/2019,8,Prrxl1WT,11:00:00,34.7,M
8/3/2019,1,Prrxl1WT,14:33:00,47.5,M
8/3/2019,2,Prrxl1WT,14:36:00,39.1,M
8/3/2019,10,Prrxl1KO,14:46:00,26,M
8/3/2019,7,Prrxl1WT,15:00:00,42.4,M
8/3/2019,8,Prrxl1WT,15:01:00,34,M
8/4/2019,1,Prrxl1WT,15:51:00,46.2,M
8/4/2019,2,Prrxl1WT,15:56:00,40.1,M
8/4/2019,7,Prrxl1WT,16:06:00,41.9,M
8/4/2019,8,Prrxl1WT,16:07:00,33.8,M
8/5/2019,1,Prrxl1WT,13:51:00,47.5,M
8/5/2019,2,Prrxl1WT,13:55:00,41.4,M
8/5/2019,7,Prrxl1WT,14:06:00,42.3,M
8/5/2019,8,Prrxl1WT,14:07:00,34.6,M
8/6/2019,1,Prrxl1WT,10:59:00,49.3,M
8/6/2019,2,Prrxl1WT,11:01:00,42.1,M
8/6/2019,10,Prrxl1KO,11:05:00,28.5,M
8/6/2019,7,Prrxl1WT,11:12:00,42.6,M
8/6/2019,8,Prrxl1WT,11:13:00,35.1,M
8/7/2019,1,Prrxl1WT,14:34:00,49.3,M
8/7/2019,2,Prrxl1WT,14:37:00,41.9,M
8/7/2019,10,Prrxl1KO,14:44:00,28.6,M
8/7/2019,7,Prrxl1WT,14:57:00,42.7,M
8/7/2019,8,Prrxl1WT,14:58:00,34.6,M
8/8/2019,1,Prrxl1WT,11:01:00,49.8,M
8/8/2019,2,Prrxl1WT,11:03:00,43.4,M
8/8/2019,10,Prrxl1KO,11:08:00,29.2,M
8/8/2019,7,Prrxl1WT,11:16:00,43.6,M
8/8/2019,8,Prrxl1WT,11:18:00,35.4,M
8/9/2019,1,Prrxl1WT,11:00:00,47.6,M
8/9/2019,2,Prrxl1WT,11:03:00,43.4,M
8/9/2019,10,Prrxl1KO,11:06:00,27.2,M
8/9/2019,7,Prrxl1WT,11:14:00,43.5,M
8/9/2019,8,Prrxl1WT,11:15:00,35.8,M
8/10/2019,1,Prrxl1WT,13:54:00,50.9,M
8/10/2019,2,Prrxl1WT,13:58:00,42.3,M
8/10/2019,7,Prrxl1WT,14:35:00,43.7,M
8/10/2019,8,Prrxl1WT,14:38:00,35.6,M
8/11/2019,1,Prrxl1WT,13:41:00,49.8,M
8/11/2019,2,Prrxl1WT,13:43:00,42.8,M
8/11/2019,7,Prrxl1WT,13:54:00,44.3,M
8/11/2019,8,Prrxl1WT,13:55:00,35.9,M
8/12/2019,1,Prrxl1WT,11:10:00,51,M
8/12/2019,2,Prrxl1WT,11:14:00,42.6,M
8/12/2019,10,Prrxl1KO,11:19:00,29.2,M
8/12/2019,13,Prrxl1KO,11:30:00,22.8,F
8/12/2019,7,Prrxl1WT,11:25:00,44.3,M
8/12/2019,8,Prrxl1WT,11:26:00,35.8,M
8/13/2019,1,Prrxl1WT,11:03:00,47.8,M
8/13/2019,2,Prrxl1WT,11:05:00,41.9,M
8/13/2019,10,Prrxl1KO,11:10:00,30.2,M
8/13/2019,7,Prrxl1WT,11:16:00,45.4,M
8/13/2019,8,Prrxl1WT,11:18:00,36.8,M
8/14/2019,1,Prrxl1WT,10:55:00,50,M
8/14/2019,2,Prrxl1WT,10:58:00,39.8,M
8/14/2019,10,Prrxl1KO,11:04:00,27.3,M
8/14/2019,7,Prrxl1WT,11:11:00,46,M
8/14/2019,8,Prrxl1WT,11:12:00,37.3,M
8/15/2019,1,Prrxl1WT,11:06:00,50,M
8/15/2019,2,Prrxl1WT,11:08:00,42.5,M
8/15/2019,7,Prrxl1WT,11:21:00,45,M
8/15/2019,8,Prrxl1WT,11:23:00,36.7,M
8/16/2019,1,Prrxl1WT,10:57:00,50.3,M
8/16/2019,2,Prrxl1WT,11:00:00,41.3,M
8/16/2019,7,Prrxl1WT,11:11:00,45,M
8/16/2019,8,Prrxl1WT,11:12:00,36.5,M
8/17/2019,1,Prrxl1WT,13:24:00,50.4,M
8/17/2019,2,Prrxl1WT,13:31:00,40.1,M
8/17/2019,7,Prrxl1WT,14:11:00,45.5,M
8/17/2019,8,Prrxl1WT,14:12:00,36.9,M
8/18/2019,1,Prrxl1WT,14:52:00,48.5,M
8/18/2019,2,Prrxl1WT,14:53:00,40.4,M
8/18/2019,7,Prrxl1WT,15:02:00,45.2,M
8/18/2019,8,Prrxl1WT,15:03:00,36.7,M
8/19/2019,1,Prrxl1WT,11:09:00,51,M
8/19/2019,2,Prrxl1WT,11:12:00,39.3,M
8/19/2019,7,Prrxl1WT,11:26:00,45.6,M
8/19/2019,8,Prrxl1WT,11:27:00,36.7,M
8/20/2019,1,Prrxl1WT,11:48:00,53.5,M
8/20/2019,2,Prrxl1WT,11:46:00,40,M
8/20/2019,7,Prrxl1WT,11:36:00,44.8,M
8/20/2019,8,Prrxl1WT,11:36:00,36.6,M
8/21/2019,1,Prrxl1WT,11:42:00,52.3,M
8/21/2019,2,Prrxl1WT,11:43:00,40,M
8/21/2019,7,Prrxl1WT,11:55:00,44.9,M
8/21/2019,8,Prrxl1WT,12:00:00,36.7,M
8/22/2019,1,Prrxl1WT,10:55:00,51.4,M
8/22/2019,2,Prrxl1WT,10:59:00,40.3,M
8/22/2019,7,Prrxl1WT,11:16:00,47,M
8/22/2019,8,Prrxl1WT,11:16:00,39,M
8/23/2019,1,Prrxl1WT,12:03:00,52.7,M
8/23/2019,2,Prrxl1WT,12:06:00,40,M
8/23/2019,7,Prrxl1WT,12:18:00,45.1,M
8/23/2019,8,Prrxl1WT,12:18:00,36.8,M
8/24/2019,1,Prrxl1WT,16:13:00,49,M
8/24/2019,2,Prrxl1WT,16:19:00,39,M
8/24/2019,7,Prrxl1WT,17:03:00,45,M
8/24/2019,8,Prrxl1WT,17:04:00,36.7,M
8/25/2019,1,Prrxl1WT,14:39:00,52.1,M
8/25/2019,2,Prrxl1WT,14:41:00,40.9,M
8/25/2019,7,Prrxl1WT,14:54:00,45.1,M
8/25/2019,8,Prrxl1WT,14:55:00,37,M
8/26/2019,1,Prrxl1WT,11:24:00,52.7,M
8/26/2019,2,Prrxl1WT,11:29:00,40.4,M
8/26/2019,7,Prrxl1WT,11:40:00,44.9,M
8/26/2019,8,Prrxl1WT,11:41:00,37.1,M
8/27/2019,1,Prrxl1WT,10:59:00,52.5,M
8/27/2019,2,Prrxl1WT,11:04:00,40.5,M
8/27/2019,7,Prrxl1WT,11:14:00,45.1,M
8/27/2019,8,Prrxl1WT,11:15:00,36.9,M
8/28/2019,1,Prrxl1WT,11:20:00,49.1,M
8/28/2019,2,Prrxl1WT,11:22:00,39.9,M
8/28/2019,7,Prrxl1WT,11:31:00,44.6,M
8/28/2019,8,Prrxl1WT,11:32:00,36.8,M
8/29/2019,1,Prrxl1WT,11:19:00,49.5,M
8/29/2019,2,Prrxl1WT,11:21:00,41.1,M
8/29/2019,7,Prrxl1WT,11:34:00,45.2,M
8/29/2019,8,Prrxl1WT,11:35:00,36.6,M
8/30/2019,1,Prrxl1WT,14:27:00,51.2,M
8/30/2019,2,Prrxl1WT,14:30:00,40.7,M
8/30/2019,7,Prrxl1WT,14:41:00,44.7,M
8/30/2019,8,Prrxl1WT,14:42:00,36.4,M
8/31/2019,1,Prrxl1WT,13:39:00,52.3,M
8/31/2019,2,Prrxl1WT,13:43:00,40.6,M
8/31/2019,7,Prrxl1WT,13:54:00,45.7,M
8/31/2019,8,Prrxl1WT,13:55:00,36.7,M
9/1/2019,1,Prrxl1WT,13:55:00,51.5,M
9/1/2019,2,Prrxl1WT,13:58:00,41,M
9/1/2019,7,Prrxl1WT,14:09:00,45.1,M
9/1/2019,8,Prrxl1WT,14:09:00,36.6,M
9/2/2019,1,Prrxl1WT,13:31:00,51.7,M
9/2/2019,2,Prrxl1WT,13:36:00,41.6,M
9/2/2019,7,Prrxl1WT,14:19:00,45.9,M
9/2/2019,8,Prrxl1WT,14:23:00,37,M
9/3/2019,1,Prrxl1WT,11:20:00,50,M
9/3/2019,2,Prrxl1WT,11:22:00,42.2,M
9/3/2019,7,Prrxl1WT,11:40:00,47.5,M
9/3/2019,8,Prrxl1WT,11:40:00,37.8,M
9/4/2019,1,Prrxl1WT,14:08:00,50.5,M
9/4/2019,2,Prrxl1WT,14:12:00,41.9,M
9/4/2019,7,Prrxl1WT,14:21:00,46.8,M
9/4/2019,8,Prrxl1WT,14:21:00,37.3,M
9/5/2019,1,Prrxl1WT,14:05:00,51.1,M
9/5/2019,2,Prrxl1WT,14:18:00,41.6,M
9/5/2019,13,Prrxl1KO,14:54:00,25.1,F
9/5/2019,7,Prrxl1WT,14:44:00,46.2,M
9/5/2019,8,Prrxl1WT,14:45:00,36.9,M
9/6/2019,1,Prrxl1WT,11:53:00,51.8,M
9/6/2019,2,Prrxl1WT,11:56:00,41.9,M
9/6/2019,13,Prrxl1KO,12:21:00,24.9,F
9/6/2019,7,Prrxl1WT,12:13:00,46.7,M
9/6/2019,8,Prrxl1WT,12:14:00,36.5,M
9/7/2019,1,Prrxl1WT,10:28:00,52.6,M
9/7/2019,2,Prrxl1WT,10:31:00,42.2,M
9/7/2019,7,Prrxl1WT,10:45:00,47.4,M
9/7/2019,8,Prrxl1WT,10:48:00,37.3,M
9/8/2019,1,Prrxl1WT,12:16:00,52.7,M
9/8/2019,2,Prrxl1WT,12:20:00,42.1,M
9/8/2019,7,Prrxl1WT,12:42:00,46.7,M
9/8/2019,8,Prrxl1WT,12:42:00,36.5,M
9/9/2019,1,Prrxl1WT,11:08:00,50.2,M
9/9/2019,2,Prrxl1WT,11:11:00,40.2,M
9/9/2019,7,Prrxl1WT,11:23:00,47.1,M
9/9/2019,8,Prrxl1WT,11:24:00,36.9,M
9/10/2019,1,Prrxl1WT,14:03:00,52.2,M
9/10/2019,2,Prrxl1WT,14:08:00,41.5,M
9/10/2019,7,Prrxl1WT,14:41:00,47.1,M
9/10/2019,8,Prrxl1WT,14:42:00,36.9,M
9/11/2019,1,Prrxl1WT,13:14:00,51.8,M
9/11/2019,2,Prrxl1WT,13:17:00,43,M
9/11/2019,13,Prrxl1KO,13:46:00,23.7,F
9/11/2019,7,Prrxl1WT,13:39:00,46.8,M
9/11/2019,8,Prrxl1WT,13:39:00,36.8,M
9/12/2019,1,Prrxl1WT,14:15:00,53.2,M
9/12/2019,2,Prrxl1WT,14:19:00,43.4,M
9/12/2019,7,Prrxl1WT,14:49:00,46.4,M
9/12/2019,8,Prrxl1WT,14:50:00,37,M
9/13/2019,1,Prrxl1WT,12:17:00,50.8,M
9/13/2019,2,Prrxl1WT,12:18:00,43.2,M
9/13/2019,7,Prrxl1WT,12:32:00,46.9,M
9/13/2019,8,Prrxl1WT,12:33:00,37.1,M
9/14/2019,1,Prrxl1WT,11:31:00,51.7,M
9/14/2019,2,Prrxl1WT,11:32:00,42.9,M
9/14/2019,7,Prrxl1WT,11:45:00,46.7,M
9/14/2019,8,Prrxl1WT,11:47:00,37.2,M
9/15/2019,1,Prrxl1WT,13:09:00,53,M
9/15/2019,2,Prrxl1WT,13:12:00,43.5,M
9/15/2019,7,Prrxl1WT,13:27:00,46.2,M
9/15/2019,8,Prrxl1WT,13:27:00,36.5,M
9/16/2019,1,Prrxl1WT,13:05:00,52.5,M
9/16/2019,2,Prrxl1WT,13:11:00,43,M
9/16/2019,7,Prrxl1WT,13:22:00,46.4,M
9/16/2019,8,Prrxl1WT,13:24:00,36.8,M
9/17/2019,1,Prrxl1WT,13:39:00,51.8,M
9/17/2019,2,Prrxl1WT,13:42:00,43.6,M
9/17/2019,7,Prrxl1WT,13:53:00,46.4,M
9/17/2019,8,Prrxl1WT,13:55:00,36.6,M
9/18/2019,1,Prrxl1WT,13:01:00,51.9,M
9/18/2019,2,Prrxl1WT,13:02:00,42.9,M
9/18/2019,7,Prrxl1WT,13:14:00,47,M
9/18/2019,8,Prrxl1WT,13:15:00,37,M
9/19/2019,1,Prrxl1WT,13:44:00,52.2,M
9/19/2019,2,Prrxl1WT,13:46:00,43.2,M
9/19/2019,7,Prrxl1WT,14:04:00,45.7,M
9/19/2019,8,Prrxl1WT,14:06:00,36.6,M
9/20/2019,1,Prrxl1WT,14:42:00,53.4,M
9/20/2019,2,Prrxl1WT,14:47:00,43.2,M
9/20/2019,7,Prrxl1WT,15:06:00,44.8,M
9/20/2019,8,Prrxl1WT,15:07:00,36.2,M
9/21/2019,1,Prrxl1WT,12:27:00,54.2,M
9/21/2019,2,Prrxl1WT,12:32:00,44.3,M
9/21/2019,7,Prrxl1WT,13:04:00,46.9,M
9/21/2019,8,Prrxl1WT,13:07:00,37,M
9/22/2019,1,Prrxl1WT,12:09:00,50.6,M
9/22/2019,2,Prrxl1WT,12:14:00,43.2,M
9/22/2019,7,Prrxl1WT,12:35:00,46.8,M
9/22/2019,8,Prrxl1WT,12:38:00,37.3,M
9/23/2019,1,Prrxl1WT,13:40:00,50.9,M
9/23/2019,2,Prrxl1WT,13:47:00,42.6,M
9/23/2019,7,Prrxl1WT,14:15:00,46.7,M
9/23/2019,8,Prrxl1WT,14:17:00,37.5,M
9/24/2019,1,Prrxl1WT,12:53:00,53.5,M
9/24/2019,2,Prrxl1WT,12:59:00,43.4,M
9/24/2019,11,Prrxl1KO,13:18:00,20.5,M
9/24/2019,7,Prrxl1WT,14:56:00,45.2,M
9/24/2019,8,Prrxl1WT,14:59:00,36.4,M
9/25/2019,1,Prrxl1WT,16:51:00,54.4,M
9/25/2019,2,Prrxl1WT,16:57:00,43.2,M
9/25/2019,7,Prrxl1WT,17:21:00,45.6,M
9/25/2019,8,Prrxl1WT,17:26:00,36.6,M
9/26/2019,1,Prrxl1WT,15:38:00,55,M
9/26/2019,2,Prrxl1WT,15:47:00,44,M
9/26/2019,7,Prrxl1WT,16:12:00,47,M
9/26/2019,8,Prrxl1WT,16:12:00,37,M
9/27/2019,1,Prrxl1WT,10:31:00,51.9,M
9/27/2019,2,Prrxl1WT,10:34:00,45.3,M
9/27/2019,7,Prrxl1WT,10:48:00,47,M
9/27/2019,8,Prrxl1WT,10:49:00,36.8,M
9/28/2019,1,Prrxl1WT,13:37:00,53,M
9/28/2019,2,Prrxl1WT,13:40:00,46,M
9/28/2019,7,Prrxl1WT,13:55:00,46.9,M
9/28/2019,8,Prrxl1WT,13:56:00,37.1,M
9/29/2019,1,Prrxl1WT,15:56:00,55.5,M
9/29/2019,2,Prrxl1WT,15:58:00,44.2,M
9/29/2019,7,Prrxl1WT,16:17:00,46.6,M
9/29/2019,8,Prrxl1WT,16:18:00,36.9,M
9/30/2019,2,Prrxl1WT,12:40:00,45.6,M
9/30/2019,7,Prrxl1WT,12:59:00,46.9,M
9/30/2019,8,Prrxl1WT,12:58:00,37.2,M
10/1/2019,2,Prrxl1WT,10:27:00,45.3,M
10/1/2019,7,Prrxl1WT,10:39:00,46.9,M
10/1/2019,8,Prrxl1WT,10:40:00,37,M
10/2/2019,2,Prrxl1WT,16:12:00,43.9,M
10/2/2019,10,Prrxl1KO,16:23:00,27.2,M
10/2/2019,11,Prrxl1KO,16:27:00,23.7,M
10/2/2019,7,Prrxl1WT,16:32:00,46.6,M
10/2/2019,8,Prrxl1WT,16:33:00,36.5,M
10/3/2019,2,Prrxl1WT,15:07:00,41.4,M
10/3/2019,10,Prrxl1KO,15:20:00,26.4,M
10/3/2019,11,Prrxl1KO,15:27:00,23.3,M
10/3/2019,7,Prrxl1WT,15:31:00,46.4,M
10/3/2019,8,Prrxl1WT,15:33:00,36.3,M
10/4/2019,11,Prrxl1KO,14:32:00,23.3,M
10/4/2019,7,Prrxl1WT,14:35:00,47,M
10/4/2019,8,Prrxl1WT,14:36:00,36.5,M
10/5/2019,11,Prrxl1KO,12:55:00,23.7,M
10/5/2019,7,Prrxl1WT,12:58:00,47.4,M
10/5/2019,8,Prrxl1WT,12:58:00,37.5,M
10/6/2019,2,Prrxl1WT,12:46:00,43.2,M
10/6/2019,10,Prrxl1KO,12:53:00,28.5,M
10/6/2019,11,Prrxl1KO,12:56:00,23.5,M
10/6/2019,7,Prrxl1WT,12:57:00,48.1,M
10/6/2019,8,Prrxl1WT,12:58:00,37.8,M
10/7/2019,2,Prrxl1WT,15:05:00,43.1,M
10/7/2019,10,Prrxl1KO,15:14:00,28.7,M
10/7/2019,11,Prrxl1KO,15:18:00,25.3,M
10/7/2019,7,Prrxl1WT,15:23:00,47.2,M
10/7/2019,8,Prrxl1WT,15:27:00,37,M
10/8/2019,2,Prrxl1WT,14:18:00,42.5,M
10/8/2019,10,Prrxl1KO,14:30:00,28.1,M
10/8/2019,11,Prrxl1KO,14:35:00,25.2,M
10/8/2019,7,Prrxl1WT,14:41:00,48.2,M
10/8/2019,8,Prrxl1WT,14:43:00,37.8,M
10/9/2019,2,Prrxl1WT,11:50:00,43.9,M
10/9/2019,10,Prrxl1KO,12:00:00,30.4,M
10/9/2019,11,Prrxl1KO,12:01:00,25.3,M
10/9/2019,7,Prrxl1WT,12:06:00,46.3,M
10/9/2019,8,Prrxl1WT,12:06:00,36,M
10/10/2019,2,Prrxl1WT,11:08:00,44.8,M
10/10/2019,10,Prrxl1KO,11:13:00,32.1,M
10/10/2019,11,Prrxl1KO,11:16:00,26.1,M
10/10/2019,7,Prrxl1WT,11:20:00,48.2,M
10/10/2019,8,Prrxl1WT,11:21:00,37.1,M
10/11/2019,2,Prrxl1WT,14:20:00,43.8,M
10/11/2019,10,Prrxl1KO,14:26:00,31.2,M
10/11/2019,7,Prrxl1WT,14:32:00,46.8,M
10/11/2019,8,Prrxl1WT,14:34:00,36.7,M
10/12/2019,2,Prrxl1WT,15:31:00,43.4,M
10/12/2019,10,Prrxl1KO,15:39:00,30.7,M
10/12/2019,7,Prrxl1WT,16:02:00,45.5,M
10/12/2019,8,Prrxl1WT,16:04:00,36,M
10/13/2019,2,Prrxl1WT,13:16:00,43.7,M
10/13/2019,11,Prrxl1KO,13:27:00,27.3,M
10/13/2019,7,Prrxl1WT,13:37:00,46.8,M
10/13/2019,8,Prrxl1WT,13:38:00,36.7,M
10/14/2019,2,Prrxl1WT,16:38:00,43,M
10/14/2019,7,Prrxl1WT,16:50:00,45.5,M
10/14/2019,8,Prrxl1WT,16:53:00,36.1,M
10/15/2019,2,Prrxl1WT,11:40:00,43.5,M
10/15/2019,7,Prrxl1WT,11:57:00,46.3,M
10/15/2019,8,Prrxl1WT,12:00:00,36.8,M
10/16/2019,2,Prrxl1WT,11:43:00,43.5,M
10/16/2019,10,Prrxl1KO,11:46:00,29.4,M
10/16/2019,7,Prrxl1WT,12:00:00,45.3,M
10/16/2019,8,Prrxl1WT,12:02:00,36.3,M
10/17/2019,2,Prrxl1WT,11:18:00,43.7,M
10/17/2019,7,Prrxl1WT,11:39:00,45.7,M
10/17/2019,8,Prrxl1WT,11:40:00,36.2,M
10/18/2019,2,Prrxl1WT,11:37:00,43.1,M
10/18/2019,7,Prrxl1WT,12:01:00,46.4,M
10/18/2019,8,Prrxl1WT,12:02:00,37.1,M
10/19/2019,2,Prrxl1WT,13:37:00,41.4,M
10/19/2019,7,Prrxl1WT,13:49:00,46.4,M
10/19/2019,8,Prrxl1WT,13:50:00,37.2,M
10/20/2019,2,Prrxl1WT,14:54:00,42.8,M
10/20/2019,11,Prrxl1KO,15:11:00,29.3,M
10/20/2019,7,Prrxl1WT,15:18:00,45.8,M
10/20/2019,8,Prrxl1WT,15:18:00,36.6,M
10/21/2019,2,Prrxl1WT,15:18:00,43.3,M
10/21/2019,11,Prrxl1KO,15:33:00,30.6,M
10/21/2019,7,Prrxl1WT,15:38:00,44.6,M
10/21/2019,8,Prrxl1WT,15:44:00,36.1,M
10/22/2019,2,Prrxl1WT,15:34:00,42.6,M
10/22/2019,11,Prrxl1KO,15:49:00,29.7,M
10/24/2019,7,Prrxl1WT,15:01:00,44.7,M
10/24/2019,8,Prrxl1WT,15:05:00,35.5,M
10/25/2019,7,Prrxl1WT,10:41:00,46,M
10/25/2019,8,Prrxl1WT,10:42:00,36.8,M
10/26/2019,2,Prrxl1WT,12:19:00,44.5,M
10/26/2019,11,Prrxl1KO,12:31:00,29.1,M
10/26/2019,7,Prrxl1WT,12:33:00,44.2,M
10/26/2019,8,Prrxl1WT,12:34:00,35.3,M
10/27/2019,2,Prrxl1WT,13:28:00,44.5,M
10/27/2019,10,Prrxl1KO,13:35:00,29,M
10/27/2019,11,Prrxl1KO,13:39:00,28.5,M
10/27/2019,7,Prrxl1WT,13:41:00,45.2,M
10/27/2019,8,Prrxl1WT,13:43:00,36.4,M
10/28/2019,2,Prrxl1WT,15:02:00,46,M
10/28/2019,11,Prrxl1KO,15:17:00,29.1,M
10/28/2019,7,Prrxl1WT,15:21:00,45,M
10/28/2019,8,Prrxl1WT,15:25:00,36,M
10/29/2019,2,Prrxl1WT,14:46:00,45.5,M
10/29/2019,11,Prrxl1KO,15:01:00,26.4,M
10/29/2019,7,Prrxl1WT,15:08:00,44.2,M
10/29/2019,8,Prrxl1WT,15:10:00,35.6,M
10/30/2019,2,Prrxl1WT,13:26:00,43.8,M
10/30/2019,7,Prrxl1WT,13:46:00,45.2,M
10/30/2019,8,Prrxl1WT,13:50:00,36.1,M
10/31/2019,1,Prrxl1WT,11:59:00,45.7,M
10/31/2019,2,Prrxl1WT,12:03:00,44.9,M
10/31/2019,3,Prrxl1WT,12:31:00,35.9,F
10/31/2019,12,Prrxl1KO,12:26:00,29.2,F
10/31/2019,5,Prrxl1WT,12:30:00,39.7,F
10/31/2019,6,Prrxl1WT,12:32:00,28.1,F
10/31/2019,7,Prrxl1WT,12:20:00,45.5,M
10/31/2019,8,Prrxl1WT,12:21:00,36.7,M
10/31/2019,15,Prrxl1KO,12:29:00,32.6,F
10/31/2019,16,Prrxl1KO,12:28:00,23.6,F
11/1/2019,1,Prrxl1WT,12:48:00,46.2,M
11/1/2019,2,Prrxl1WT,12:53:00,44.4,M
11/1/2019,3,Prrxl1WT,12:00:00,37.8,F
11/1/2019,12,Prrxl1KO,13:12:00,29.3,F
11/1/2019,5,Prrxl1WT,11:59:00,40.4,F
11/1/2019,6,Prrxl1WT,13:16:00,29.5,F
11/1/2019,7,Prrxl1WT,12:11:00,46,M
11/1/2019,8,Prrxl1WT,12:11:00,37.1,M
11/1/2019,15,Prrxl1KO,12:06:00,32,F
11/1/2019,16,Prrxl1KO,12:05:00,23.9,F
11/2/2019,1,Prrxl1WT,12:17:00,46.1,M
11/2/2019,2,Prrxl1WT,12:20:00,44.3,M
11/2/2019,3,Prrxl1WT,12:51:00,38,F
11/2/2019,12,Prrxl1KO,12:43:00,30.3,F
11/2/2019,5,Prrxl1WT,12:50:00,40.6,F
11/2/2019,6,Prrxl1WT,12:53:00,28.9,F
11/2/2019,7,Prrxl1WT,12:36:00,44.9,M
11/2/2019,8,Prrxl1WT,12:36:00,35.4,M
11/2/2019,15,Prrxl1KO,12:48:00,31.5,F
11/2/2019,16,Prrxl1KO,12:47:00,23.6,F
11/3/2019,1,Prrxl1WT,14:16:00,48.4,M
11/3/2019,2,Prrxl1WT,14:20:00,43,M
11/3/2019,3,Prrxl1WT,14:40:00,37,F
11/3/2019,12,Prrxl1KO,14:36:00,29.5,F
11/3/2019,5,Prrxl1WT,14:40:00,40.6,F
11/3/2019,6,Prrxl1WT,14:42:00,29.9,F
11/3/2019,7,Prrxl1WT,14:31:00,45.3,M
11/3/2019,8,Prrxl1WT,14:33:00,35.8,M
11/3/2019,15,Prrxl1KO,14:38:00,32,F
11/3/2019,16,Prrxl1KO,14:38:00,24.1,F
11/4/2019,1,Prrxl1WT,12:25:00,47.7,M
11/4/2019,2,Prrxl1WT,12:32:00,44,M
11/4/2019,3,Prrxl1WT,13:05:00,36.7,F
11/4/2019,12,Prrxl1KO,12:54:00,29.6,F
11/4/2019,5,Prrxl1WT,13:03:00,40.1,F
11/4/2019,6,Prrxl1WT,13:08:00,31.2,F
11/4/2019,7,Prrxl1WT,12:46:00,45.9,M
11/4/2019,8,Prrxl1WT,12:48:00,36.5,M
11/4/2019,15,Prrxl1KO,13:00:00,31.6,F
11/4/2019,16,Prrxl1KO,12:58:00,23.6,F
11/5/2019,1,Prrxl1WT,13:53:00,48,M
11/5/2019,2,Prrxl1WT,13:58:00,42.5,M
11/5/2019,3,Prrxl1WT,14:36:00,36.8,F
11/5/2019,12,Prrxl1KO,14:24:00,29.7,F
11/5/2019,5,Prrxl1WT,14:35:00,40,F
11/5/2019,6,Prrxl1WT,14:40:00,29.7,F
11/5/2019,7,Prrxl1WT,14:15:00,45.6,M
11/5/2019,8,Prrxl1WT,14:19:00,36.7,M
11/6/2019,1,Prrxl1WT,12:49:00,47.4,M
11/6/2019,2,Prrxl1WT,12:53:00,43.1,M
11/6/2019,3,Prrxl1WT,13:21:00,37.9,F
11/6/2019,12,Prrxl1KO,13:11:00,29.9,F
11/6/2019,5,Prrxl1WT,13:19:00,40.9,F
11/6/2019,6,Prrxl1WT,13:22:00,30,F
11/6/2019,7,Prrxl1WT,13:06:00,45.8,M
11/6/2019,8,Prrxl1WT,13:07:00,35.8,M
11/7/2019,1,Prrxl1WT,13:49:00,47.8,M
11/7/2019,2,Prrxl1WT,13:53:00,42.7,M
11/7/2019,3,Prrxl1WT,14:35:00,38.1,F
11/7/2019,12,Prrxl1KO,14:20:00,29.4,F
11/7/2019,5,Prrxl1WT,14:32:00,40.9,F
11/7/2019,6,Prrxl1WT,14:37:00,30.8,F
11/7/2019,7,Prrxl1WT,14:14:00,45.7,M
11/7/2019,8,Prrxl1WT,14:16:00,35.6,M
11/7/2019,15,Prrxl1KO,14:29:00,31.8,F
11/7/2019,16,Prrxl1KO,14:27:00,23.5,F
11/8/2019,1,Prrxl1WT,13:48:00,48.2,M
11/8/2019,2,Prrxl1WT,13:43:00,45.1,M
11/8/2019,3,Prrxl1WT,13:34:00,37.7,F
11/8/2019,12,Prrxl1KO,13:18:00,29.4,F
11/8/2019,5,Prrxl1WT,13:32:00,40.6,F
11/8/2019,6,Prrxl1WT,13:36:00,30.7,F
11/8/2019,7,Prrxl1WT,13:56:00,44.9,M
11/8/2019,8,Prrxl1WT,13:58:00,35,M
11/8/2019,15,Prrxl1KO,13:26:00,31.5,F
11/8/2019,16,Prrxl1KO,13:23:00,22.6,F
11/9/2019,1,Prrxl1WT,13:07:00,49.9,M
11/9/2019,2,Prrxl1WT,13:11:00,44.7,M
11/9/2019,3,Prrxl1WT,13:56:00,37.6,F
11/9/2019,12,Prrxl1KO,13:37:00,29.2,F
11/9/2019,5,Prrxl1WT,13:55:00,40,F
11/9/2019,6,Prrxl1WT,14:01:00,29.6,F
11/9/2019,7,Prrxl1WT,13:28:00,44.5,M
11/9/2019,8,Prrxl1WT,13:29:00,35.2,M
11/10/2019,1,Prrxl1WT,14:45:00,48,M
11/10/2019,2,Prrxl1WT,14:52:00,46,M
11/10/2019,3,Prrxl1WT,15:15:00,37.5,F
11/10/2019,12,Prrxl1KO,15:09:00,29.4,F
11/10/2019,5,Prrxl1WT,15:14:00,39.9,F
11/10/2019,6,Prrxl1WT,15:16:00,29.2,F
11/10/2019,7,Prrxl1WT,15:04:00,45.1,M
11/10/2019,8,Prrxl1WT,15:05:00,36.1,M
11/11/2019,1,Prrxl1WT,12:59:00,49.9,M
11/11/2019,2,Prrxl1WT,13:03:00,44.8,M
11/11/2019,11,Prrxl1KO,13:15:00,27.4,M
11/11/2019,3,Prrxl1WT,13:41:00,38.5,F
11/11/2019,12,Prrxl1KO,13:27:00,30.4,F
11/11/2019,5,Prrxl1WT,14:05:00,40.1,F
11/11/2019,6,Prrxl1WT,13:37:00,31.2,F
11/11/2019,7,Prrxl1WT,13:20:00,45.9,M
11/11/2019,8,Prrxl1WT,13:23:00,36.5,M
11/12/2019,1,Prrxl1WT,12:01:00,50.9,M
11/12/2019,2,Prrxl1WT,12:04:00,45,M
11/12/2019,3,Prrxl1WT,12:44:00,40.1,F
11/12/2019,12,Prrxl1KO,12:24:00,29.3,F
11/12/2019,5,Prrxl1WT,12:40:00,40.6,F
11/12/2019,6,Prrxl1WT,12:38:00,28.1,F
11/12/2019,7,Prrxl1WT,12:16:00,46.1,M
11/12/2019,8,Prrxl1WT,12:16:00,36.9,M
11/12/2019,15,Prrxl1KO,12:34:00,32.7,F
11/12/2019,16,Prrxl1KO,12:30:00,23.2,F
11/13/2019,1,Prrxl1WT,13:34:00,49.7,M
11/13/2019,2,Prrxl1WT,13:06:00,44.4,M
11/13/2019,3,Prrxl1WT,14:00:00,38.4,F
11/13/2019,5,Prrxl1WT,13:58:00,39.8,F
11/13/2019,6,Prrxl1WT,14:04:00,29.4,F
11/13/2019,7,Prrxl1WT,13:23:00,44,M
11/13/2019,8,Prrxl1WT,13:27:00,35,M
11/13/2019,15,Prrxl1KO,13:47:00,32.5,F
11/13/2019,16,Prrxl1KO,13:45:00,22.7,F
11/14/2019,1,Prrxl1WT,14:48:00,48.2,M
11/14/2019,2,Prrxl1WT,14:37:00,43.1,M
11/14/2019,6,Prrxl1WT,15:21:00,28.6,F
11/14/2019,15,Prrxl1KO,15:14:00,33.2,F
11/14/2019,16,Prrxl1KO,15:11:00,23.5,F
11/15/2019,1,Prrxl1WT,13:43:00,50,M
11/15/2019,6,Prrxl1WT,14:32:00,28.5,F
11/15/2019,15,Prrxl1KO,14:24:00,32.4,F
11/15/2019,16,Prrxl1KO,14:21:00,23.2,F
11/16/2019,1,Prrxl1WT,13:06:00,48.3,M
11/16/2019,11,Prrxl1KO,13:17:00,26.9,M
11/16/2019,12,Prrxl1KO,13:27:00,29,F
11/16/2019,6,Prrxl1WT,13:39:00,28.5,F
11/16/2019,7,Prrxl1WT,13:21:00,44.8,M
11/16/2019,8,Prrxl1WT,13:21:00,35.8,M
11/16/2019,15,Prrxl1KO,13:32:00,33.3,F
11/16/2019,16,Prrxl1KO,13:33:00,23.3,F
11/17/2019,1,Prrxl1WT,12:11:00,51.1,M
11/17/2019,2,Prrxl1WT,12:12:00,45.1,M
11/17/2019,12,Prrxl1KO,12:27:00,29.4,F
11/17/2019,6,Prrxl1WT,12:35:00,30.3,F
11/17/2019,7,Prrxl1WT,12:22:00,45.9,M
11/17/2019,8,Prrxl1WT,12:24:00,35.8,M
11/17/2019,15,Prrxl1KO,12:31:00,34.3,F
11/17/2019,16,Prrxl1KO,12:30:00,23.6,F
11/18/2019,1,Prrxl1WT,13:27:00,50.2,M
11/18/2019,2,Prrxl1WT,13:33:00,44.7,M
11/18/2019,3,Prrxl1WT,14:18:00,39.3,F
11/18/2019,12,Prrxl1KO,14:05:00,28.8,F
11/18/2019,5,Prrxl1WT,14:16:00,40,F
11/18/2019,6,Prrxl1WT,14:21:00,27.5,F
11/18/2019,7,Prrxl1WT,13:43:00,44.7,M
11/18/2019,8,Prrxl1WT,13:48:00,36.3,M
11/18/2019,15,Prrxl1KO,14:12:00,33.2,F
11/18/2019,16,Prrxl1KO,14:08:00,22.4,F
11/19/2019,1,Prrxl1WT,14:23:00,50.5,M
11/19/2019,2,Prrxl1WT,14:26:00,44.8,M
11/19/2019,3,Prrxl1WT,15:14:00,37.8,F
11/19/2019,12,Prrxl1KO,15:00:00,28.8,F
11/19/2019,5,Prrxl1WT,15:12:00,38.8,F
11/19/2019,7,Prrxl1WT,14:50:00,43.6,M
11/19/2019,8,Prrxl1WT,14:52:00,34.2,M
11/20/2019,1,Prrxl1WT,12:47:00,47.6,M
11/20/2019,2,Prrxl1WT,12:54:00,42.8,M
11/20/2019,3,Prrxl1WT,13:34:00,40.4,F
11/20/2019,12,Prrxl1KO,13:16:00,29.7,F
11/20/2019,5,Prrxl1WT,13:31:00,40.7,F
11/20/2019,7,Prrxl1WT,13:09:00,43.8,M
11/20/2019,8,Prrxl1WT,13:11:00,34.7,M
11/21/2019,1,Prrxl1WT,14:45:00,49.2,M
11/21/2019,2,Prrxl1WT,14:48:00,44.9,M
11/21/2019,3,Prrxl1WT,15:20:00,38.9,F
11/21/2019,12,Prrxl1KO,15:09:00,29,F
11/21/2019,5,Prrxl1WT,15:56:00,39.3,F
11/21/2019,6,Prrxl1WT,15:23:00,25.9,F
11/21/2019,7,Prrxl1WT,15:01:00,44.5,M
11/21/2019,8,Prrxl1WT,15:03:00,35.3,M
11/22/2019,1,Prrxl1WT,13:44:00,48.9,M
11/22/2019,2,Prrxl1WT,13:47:00,44.3,M
11/22/2019,11,Prrxl1KO,13:57:00,27.4,M
11/22/2019,3,Prrxl1WT,14:26:00,40.6,F
11/22/2019,12,Prrxl1KO,14:13:00,30.1,F
11/22/2019,5,Prrxl1WT,14:24:00,40.1,F
11/22/2019,6,Prrxl1WT,14:28:00,28.7,F
11/22/2019,7,Prrxl1WT,14:02:00,45.7,M
11/22/2019,8,Prrxl1WT,14:05:00,36.1,M
11/22/2019,15,Prrxl1KO,14:20:00,34.3,F
11/22/2019,16,Prrxl1KO,14:17:00,24.3,F
11/23/2019,1,Prrxl1WT,14:55:00,49.9,M
11/23/2019,2,Prrxl1WT,15:00:00,44.6,M
11/23/2019,3,Prrxl1WT,15:51:00,40.1,F
11/23/2019,12,Prrxl1KO,15:40:00,30.1,F
11/23/2019,5,Prrxl1WT,15:51:00,40,F
11/23/2019,6,Prrxl1WT,15:55:00,28,F
11/23/2019,7,Prrxl1WT,15:32:00,42,M
11/23/2019,8,Prrxl1WT,15:32:00,33.4,M
11/23/2019,15,Prrxl1KO,15:45:00,33.7,F
11/23/2019,16,Prrxl1KO,15:45:00,24.3,F
11/24/2019,1,Prrxl1WT,10:14:00,50.5,M
11/24/2019,2,Prrxl1WT,10:20:00,45.3,M
11/24/2019,3,Prrxl1WT,11:41:00,40.4,F
11/24/2019,12,Prrxl1KO,11:15:00,30.4,F
11/24/2019,5,Prrxl1WT,11:39:00,40.7,F
11/24/2019,6,Prrxl1WT,11:44:00,28.9,F
11/24/2019,15,Prrxl1KO,11:35:00,34.3,F
11/24/2019,16,Prrxl1KO,11:19:00,24.7,F
11/25/2019,1,Prrxl1WT,13:56:00,51.8,M
11/25/2019,2,Prrxl1WT,14:02:00,44.5,M
11/25/2019,3,Prrxl1WT,14:56:00,41.4,F
11/25/2019,12,Prrxl1KO,14:42:00,29.7,F
11/25/2019,5,Prrxl1WT,14:54:00,41.6,F
11/25/2019,6,Prrxl1WT,14:58:00,28.4,F
11/26/2019,1,Prrxl1WT,15:48:00,47.8,M
11/26/2019,2,Prrxl1WT,15:51:00,44,M
11/26/2019,3,Prrxl1WT,16:14:00,41.4,F
11/26/2019,5,Prrxl1WT,16:12:00,41.5,F
11/26/2019,6,Prrxl1WT,16:16:00,29.1,F
11/26/2019,7,Prrxl1WT,15:58:00,45.5,M
11/26/2019,8,Prrxl1WT,16:00:00,36.2,M
11/27/2019,1,Prrxl1WT,12:32:00,49.2,M
11/27/2019,2,Prrxl1WT,12:37:00,46,M
11/27/2019,11,Prrxl1KO,12:48:00,27,M
11/27/2019,3,Prrxl1WT,13:28:00,42,F
11/27/2019,5,Prrxl1WT,13:27:00,42,F
11/27/2019,6,Prrxl1WT,13:35:00,28.1,F
11/27/2019,7,Prrxl1WT,12:55:00,44.4,M
11/27/2019,8,Prrxl1WT,12:56:00,35.6,M
11/27/2019,15,Prrxl1KO,13:12:00,33.6,F
11/27/2019,16,Prrxl1KO,13:10:00,25,F
11/28/2019,1,Prrxl1WT,10:28:00,52.5,M
11/28/2019,2,Prrxl1WT,10:31:00,47.7,M
11/28/2019,11,Prrxl1KO,10:39:00,28.2,M
11/28/2019,3,Prrxl1WT,10:58:00,42.3,F
11/28/2019,12,Prrxl1KO,10:48:00,28.9,F
11/28/2019,5,Prrxl1WT,10:57:00,42.1,F
11/28/2019,6,Prrxl1WT,11:02:00,29.4,F
11/28/2019,7,Prrxl1WT,10:42:00,46.4,M
11/28/2019,8,Prrxl1WT,10:43:00,36.5,M
11/28/2019,15,Prrxl1KO,10:54:00,35.4,F
11/28/2019,16,Prrxl1KO,10:52:00,25.9,F
11/29/2019,1,Prrxl1WT,12:29:00,51.7,M
11/29/2019,2,Prrxl1WT,12:32:00,48,M
11/29/2019,11,Prrxl1KO,12:41:00,27.7,M
11/29/2019,3,Prrxl1WT,13:04:00,43,F
11/29/2019,12,Prrxl1KO,12:54:00,28.9,F
11/29/2019,5,Prrxl1WT,13:02:00,41.4,F
11/29/2019,6,Prrxl1WT,13:07:00,28,F
11/29/2019,7,Prrxl1WT,12:47:00,44.3,M
11/29/2019,8,Prrxl1WT,12:48:00,34.9,M
11/29/2019,15,Prrxl1KO,12:58:00,35.7,F
11/29/2019,16,Prrxl1KO,12:57:00,26.1,F
11/30/2019,1,Prrxl1WT,11:09:00,51.6,M
11/30/2019,2,Prrxl1WT,11:12:00,48.6,M
11/30/2019,11,Prrxl1KO,11:39:00,28.3,M
11/30/2019,3,Prrxl1WT,12:02:00,42.7,F
11/30/2019,12,Prrxl1KO,11:52:00,29.7,F
11/30/2019,5,Prrxl1WT,12:01:00,41.5,F
11/30/2019,6,Prrxl1WT,12:06:00,29.9,F
11/30/2019,7,Prrxl1WT,11:41:00,45.7,M
11/30/2019,8,Prrxl1WT,11:43:00,36.2,M
11/30/2019,15,Prrxl1KO,11:57:00,35.6,F
11/30/2019,16,Prrxl1KO,11:55:00,26.9,F
12/1/2019,1,Prrxl1WT,14:03:00,51.5,M
12/1/2019,2,Prrxl1WT,14:06:00,43.5,M
12/1/2019,11,Prrxl1KO,14:27:00,28.5,M
12/1/2019,3,Prrxl1WT,14:56:00,41.7,F
12/1/2019,12,Prrxl1KO,14:43:00,29.5,F
12/1/2019,5,Prrxl1WT,14:55:00,41.4,F
12/1/2019,6,Prrxl1WT,15:01:00,28.1,F
12/1/2019,7,Prrxl1WT,14:33:00,45.1,M
12/1/2019,8,Prrxl1WT,14:35:00,35.3,M
12/1/2019,15,Prrxl1KO,14:49:00,34.8,F
12/1/2019,16,Prrxl1KO,14:46:00,27,F
12/2/2019,1,Prrxl1WT,13:45:00,52.3,M
12/2/2019,2,Prrxl1WT,13:49:00,46.4,M
12/2/2019,11,Prrxl1KO,14:01:00,28.2,M
12/2/2019,3,Prrxl1WT,14:53:00,41.8,F
12/2/2019,12,Prrxl1KO,14:38:00,30.3,F
12/2/2019,5,Prrxl1WT,14:51:00,41.6,F
12/2/2019,6,Prrxl1WT,14:56:00,28.4,F
12/2/2019,7,Prrxl1WT,14:08:00,46.6,M
12/2/2019,8,Prrxl1WT,14:13:00,35.6,M
12/2/2019,15,Prrxl1KO,14:45:00,34.6,F
12/2/2019,16,Prrxl1KO,14:43:00,26.4,F
12/3/2019,1,Prrxl1WT,10:36:00,50.2,M
12/3/2019,2,Prrxl1WT,10:40:00,48.3,M
12/3/2019,11,Prrxl1KO,10:48:00,28.5,M
12/3/2019,3,Prrxl1WT,12:33:00,42.2,F
12/3/2019,12,Prrxl1KO,10:59:00,29.7,F
12/3/2019,5,Prrxl1WT,12:32:00,42.2,F
12/3/2019,6,Prrxl1WT,12:38:00,28.7,F
12/3/2019,7,Prrxl1WT,10:52:00,46,M
12/3/2019,8,Prrxl1WT,10:53:00,35.7,M
12/3/2019,15,Prrxl1KO,12:27:00,34.7,F
12/3/2019,16,Prrxl1KO,12:29:00,26.7,F
12/4/2019,1,Prrxl1WT,13:44:00,52,M
12/4/2019,2,Prrxl1WT,13:49:00,46.7,M
12/4/2019,11,Prrxl1KO,13:58:00,27.2,M
12/4/2019,3,Prrxl1WT,14:19:00,40.3,F
12/4/2019,12,Prrxl1KO,14:11:00,29.7,F
12/4/2019,5,Prrxl1WT,14:18:00,41.2,F
12/4/2019,6,Prrxl1WT,14:21:00,28,F
12/4/2019,7,Prrxl1WT,14:04:00,46.4,M
12/4/2019,8,Prrxl1WT,14:05:00,36,M
12/4/2019,15,Prrxl1KO,14:14:00,34,F
12/4/2019,16,Prrxl1KO,14:15:00,26.1,F
12/5/2019,1,Prrxl1WT,17:15:00,48.2,M
12/5/2019,2,Prrxl1WT,17:18:00,46,M
12/5/2019,11,Prrxl1KO,17:27:00,27.8,M
12/5/2019,3,Prrxl1WT,17:49:00,40.1,F
12/5/2019,12,Prrxl1KO,17:38:00,30.3,F
12/5/2019,5,Prrxl1WT,17:48:00,40.9,F
12/5/2019,6,Prrxl1WT,17:55:00,28.3,F
12/5/2019,7,Prrxl1WT,17:31:00,44.8,M
12/5/2019,8,Prrxl1WT,17:32:00,34.2,M
12/6/2019,1,Prrxl1WT,12:58:00,51.1,M
12/6/2019,2,Prrxl1WT,13:03:00,48,M
12/6/2019,11,Prrxl1KO,13:14:00,27.3,M
12/6/2019,3,Prrxl1WT,13:46:00,41.1,F
12/6/2019,12,Prrxl1KO,13:34:00,29,F
12/6/2019,5,Prrxl1WT,13:43:00,41.9,F
12/6/2019,6,Prrxl1WT,13:47:00,30.3,F
12/6/2019,7,Prrxl1WT,13:22:00,47.3,M
12/6/2019,8,Prrxl1WT,13:21:00,36.2,M
12/7/2019,1,Prrxl1WT,15:11:00,52.2,M
12/7/2019,2,Prrxl1WT,15:15:00,46.5,M
12/7/2019,11,Prrxl1KO,15:29:00,28.1,M
12/7/2019,3,Prrxl1WT,15:57:00,40.8,F
12/7/2019,12,Prrxl1KO,15:42:00,29.5,F
12/7/2019,5,Prrxl1WT,15:56:00,41.5,F
12/7/2019,6,Prrxl1WT,16:01:00,28.8,F
12/7/2019,7,Prrxl1WT,15:34:00,46.3,M
12/7/2019,8,Prrxl1WT,15:37:00,35.8,M
12/7/2019,15,Prrxl1KO,15:52:00,35,F
12/7/2019,16,Prrxl1KO,15:51:00,27.4,F
12/8/2019,1,Prrxl1WT,16:48:00,49.3,M
12/8/2019,2,Prrxl1WT,16:53:00,46.3,M
12/8/2019,11,Prrxl1KO,17:01:00,29.9,M
12/8/2019,3,Prrxl1WT,17:24:00,42.3,F
12/8/2019,12,Prrxl1KO,17:15:00,30.5,F
12/8/2019,5,Prrxl1WT,17:23:00,42.4,F
12/8/2019,6,Prrxl1WT,17:28:00,29.1,F
12/8/2019,7,Prrxl1WT,17:05:00,46.7,M
12/8/2019,8,Prrxl1WT,17:06:00,35.7,M
12/8/2019,15,Prrxl1KO,17:20:00,34.4,F
12/8/2019,16,Prrxl1KO,17:19:00,27.1,F
12/9/2019,1,Prrxl1WT,10:14:00,52.8,M
12/9/2019,2,Prrxl1WT,10:16:00,46.6,M
12/9/2019,11,Prrxl1KO,10:18:00,30.8,M
12/9/2019,3,Prrxl1WT,10:26:00,41.7,F
12/9/2019,12,Prrxl1KO,10:22:00,30.9,F
12/9/2019,5,Prrxl1WT,10:25:00,41.7,F
12/9/2019,6,Prrxl1WT,10:27:00,30.2,F
12/9/2019,7,Prrxl1WT,10:19:00,47.8,M
12/9/2019,8,Prrxl1WT,10:20:00,36.8,M
12/9/2019,15,Prrxl1KO,10:24:00,35.6,F
12/9/2019,16,Prrxl1KO,10:23:00,28.3,F
12/10/2019,1,Prrxl1WT,16:04:00,54.3,M
12/10/2019,2,Prrxl1WT,16:09:00,48.6,M
12/10/2019,11,Prrxl1KO,16:22:00,30.2,M
12/10/2019,3,Prrxl1WT,16:54:00,41.8,F
12/10/2019,12,Prrxl1KO,16:35:00,31,F
12/10/2019,5,Prrxl1WT,16:53:00,42.4,F
12/10/2019,6,Prrxl1WT,16:59:00,30.6,F
12/10/2019,7,Prrxl1WT,16:27:00,45.3,M
12/10/2019,8,Prrxl1WT,16:29:00,34.5,M
12/10/2019,15,Prrxl1KO,16:47:00,33.8,F
12/10/2019,16,Prrxl1KO,16:43:00,26.8,F
12/11/2019,1,Prrxl1WT,14:15:00,52.7,M
12/11/2019,2,Prrxl1WT,14:20:00,46.3,M
12/11/2019,11,Prrxl1KO,14:27:00,28.6,M
12/11/2019,3,Prrxl1WT,14:47:00,42.5,F
12/11/2019,12,Prrxl1KO,14:37:00,30.8,F
12/11/2019,5,Prrxl1WT,14:46:00,42.9,F
12/11/2019,6,Prrxl1WT,14:49:00,30.4,F
12/11/2019,7,Prrxl1WT,14:30:00,47.8,M
12/11/2019,8,Prrxl1WT,14:32:00,36.4,M
12/11/2019,15,Prrxl1KO,14:42:00,33.3,F
12/11/2019,16,Prrxl1KO,14:41:00,26.3,F
12/12/2019,1,Prrxl1WT,17:46:00,53.7,M
12/12/2019,2,Prrxl1WT,17:49:00,44.9,M
12/12/2019,11,Prrxl1KO,17:53:00,20.4,M
12/12/2019,3,Prrxl1WT,18:10:00,41.9,F
12/12/2019,12,Prrxl1KO,18:01:00,30.9,F
12/12/2019,6,Prrxl1WT,18:14:00,28.9,F
12/12/2019,8,Prrxl1WT,17:58:00,35.4,M
12/12/2019,15,Prrxl1KO,18:06:00,34.1,F
12/12/2019,16,Prrxl1KO,18:06:00,26.9,F
12/13/2019,2,Prrxl1WT,21:40:00,43.6,M
12/13/2019,3,Prrxl1WT,21:54:00,41.2,F
12/13/2019,12,Prrxl1KO,21:48:00,31.2,F
12/13/2019,8,Prrxl1WT,21:44:00,36.4,M
12/13/2019,15,Prrxl1KO,21:52:00,33.3,F
12/13/2019,16,Prrxl1KO,21:50:00,26.4,F
12/14/2019,2,Prrxl1WT,13:05:00,49.2,M
12/14/2019,3,Prrxl1WT,13:24:00,39.1,F
12/14/2019,12,Prrxl1KO,13:14:00,32.5,F
12/14/2019,8,Prrxl1WT,13:10:00,39.3,M
12/14/2019,15,Prrxl1KO,13:18:00,33.5,F
12/14/2019,16,Prrxl1KO,13:17:00,27.4,F
12/15/2019,2,Prrxl1WT,17:44:00,46,M
12/15/2019,3,Prrxl1WT,16:23:00,41.8,F
12/15/2019,12,Prrxl1KO,13:34:00,32.3,F
12/15/2019,8,Prrxl1WT,18:21:00,36.1,M
12/15/2019,15,Prrxl1KO,14:54:00,33.3,F
12/15/2019,16,Prrxl1KO,14:53:00,27.1,F
12/16/2019,2,Prrxl1WT,14:37:00,49.5,M
12/16/2019,3,Prrxl1WT,11:26:00,41.8,F
12/16/2019,12,Prrxl1KO,8:21:00,31.9,F
12/16/2019,8,Prrxl1WT,13:40:00,36.6,M
12/16/2019,15,Prrxl1KO,10:15:00,34.3,F
12/16/2019,16,Prrxl1KO,10:13:00,27.8,F
12/17/2019,2,Prrxl1WT,20:10:00,49.4,M
12/17/2019,8,Prrxl1WT,20:17:00,38.7,M
12/17/2019,15,Prrxl1KO,20:20:00,32.6,F
